1,1,1,11
2,7,2,17
3,3,2,16
4,5,2,8
5,3,2,21
6,6,1,10
7,4,2,2
8,3,2,13
9,3,2,18 
10,4,1,2
11,3,1,2
12,3,2,13
13,5,2,2
14,4,2,1
15,3,2,8
16,4,1,1
17,6,2,2
18,2,1,4
19,1,2,11
20,3,2,15
21,2,2,17
22,2,2,16
23,4,2,1
24,3,1,8
25,2,2,5
26,3,2,8
27,3,2,12
28,3,1,2
29,4,2,8
30,4,1,8
31,7,2,8
32,3,1,1
33,5,2,4
34,2,1,1
35,5,2,2
36,3,2,4
37,3,1,10
38,2,1,5
39,2,2,5
40,5,2,1
41,2,1,5
42,3,2,9
43,3,2,13
44,5,2,18
45,5,1,17
46,2,2,20
47,2,2,5
48,3,2,5
49,2,2,13
50,3,1,3
51,1,1,11
52,2,2,5
53,3,2,1
54,6,2,2
55,4,1,13
56,4,2,21
57,2,2,20
58,3,2,3
59,6,1,2
60,6,2,2
61,3,2,18
62,4,1,4
63,2,2,5
64,2,2,2
65,4,2,13
66,3,2,19
67,6,1,6
68,2,2,5
69,3,1,2
70,2,2,5
71,3,2,15
72,5,1,1
73,2,2,5
74,4,2,15
75,1,1,11
76,4,2,8
77,2,2,5
78,5,1,2
79,5,1,1
80,7,2,2
81,3,1,1
82,3,2,18
83,3,1,3
84,2,2,5
85,2,2,5
86,1,1,11
87,3,2,15
88,5,1,2
89,7,1,10
90,7,2,14
91,4,2,8
92,2,1,5
93,3,2,18
94,3,2,18
95,5,2,1
96,3,1,17
97,4,1,4
98,4,1,8
99,1,1,11
100,4,2,18
101,2,1,4
102,4,2,20
103,5,2,8
104,3,2,13
105,5,2,13
106,4,1,12
107,5,2,19
108,3,2,13
109,5,2,16
110,3,2,3
111,4,2,16
112,3,2,17
113,2,2,13
114,3,1,3
115,3,2,18
116,3,2,18
117,3,2,18
118,4,2,18
119,1,1,11
120,3,2,12
121,4,2,8
122,2,1,5
123,4,2,10
124,7,2,8
125,5,2,15
126,2,2,10
127,5,1,4
128,7,2,7
129,3,2,12
130,4,2,18
131,2,2,5
132,3,2,18
133,3,1,1
134,3,2,1
135,2,2,5
136,2,2,3
137,5,1,7
138,2,2,21
139,3,1,21
140,4,1,2
141,4,2,14
142,3,2,8
143,2,2,4
144,3,2,18
145,2,2,5
146,4,1,21
147,2,2,5
148,6,2,18
149,3,2,2
150,4,2,8
151,3,1,21
152,2,2,5
153,1,2,11
154,6,2,21
155,4,2,13
156,5,1,8
157,4,2,17
158,7,2,8
159,5,1,1
160,4,2,8
161,5,2,17
162,2,1,5
163,2,2,5
164,7,1,14
165,2,2,17
166,2,2,5
167,3,1,12
168,6,1,1
169,3,2,8
170,3,2,12
171,6,1,18
172,3,2,4
173,3,2,1
174,3,2,17
175,3,1,3
176,2,1,4
177,6,2,2
178,7,2,18
179,3,2,1
180,5,2,13
181,2,2,18
182,2,2,5
183,5,1,2
184,3,1,1
185,5,2,1
186,2,2,6
187,5,1,2
188,7,2,17
189,2,2,1
190,3,2,18
191,2,2,5
192,2,2,2
193,5,1,16
194,1,1,11
195,3,2,13
196,4,1,10
197,2,2,15
198,3,2,13
199,2,2,5
200,2,1,5
201,4,1,3
202,2,2,5
203,2,1,5
204,3,2,8
205,4,2,13
206,3,2,18
207,3,2,13
208,4,2,18
209,4,2,2
210,1,1,11
211,5,2,18
212,3,2,17
213,2,1,5
214,2,2,21
215,4,2,15
216,5,2,14
217,2,2,5
218,4,2,15
219,3,1,5
220,3,2,13
221,3,1,1
222,3,2,2
223,3,2,18
224,2,1,5
225,3,2,8
226,4,2,2
227,4,2,21
228,3,2,16
229,2,2,11
230,5,2,2
231,3,2,4
232,3,2,21
233,5,1,21
234,4,2,8
235,3,2,1
236,3,2,6
237,3,2,7
238,6,1,8
239,2,2,20
240,6,2,18
241,4,2,21
242,2,1,5
243,3,2,17
244,6,2,8
245,4,2,17
246,2,1,5
247,3,2,18
248,2,2,18
249,2,1,15
250,4,2,17
251,7,2,18
252,3,2,13
253,3,1,12
254,4,2,18
255,4,2,1
256,5,2,17
257,2,2,19
258,3,2,8
259,3,2,2
260,2,2,20
261,3,2,21
262,3,1,2
263,3,1,8
264,4,2,1
265,4,1,8
266,4,2,12
267,5,2,13
268,2,1,13
269,3,2,3
270,6,2,15
271,2,2,5
272,2,2,1
273,2,2,5
274,2,2,5
275,3,2,1
276,5,2,17
277,4,1,2
278,5,2,19
279,3,2,15
280,6,2,8
281,4,1,1
282,3,2,18
283,3,2,1
284,3,2,13
285,4,1,1
286,3,2,2
287,6,2,14
288,3,1,13
289,3,1,1
290,3,1,21
291,4,2,13
292,4,2,8
293,7,2,2
294,5,1,10
295,2,2,1
296,6,2,6
297,2,2,3
298,2,1,5
299,3,2,13
300,3,2,8
301,2,2,5
302,2,2,5
303,3,2,8
304,3,2,1
305,2,1,1
306,2,2,1
307,6,2,17
308,3,2,3
309,3,2,5
310,2,1,5
311,2,2,5
312,6,1,3
313,2,1,5
314,7,1,10
315,7,1,2
316,7,2,14
317,4,2,8
318,7,1,14
319,6,1,7
320,4,2,7
321,2,2,5
322,7,2,18
323,5,2,13
324,4,2,18
325,6,1,4
326,6,2,12
327,4,2,19
328,4,2,13
329,4,2,8
330,7,2,8
331,3,2,8
332,6,2,2
333,4,2,3
334,7,1,3
335,4,2,19
336,2,2,1
337,2,2,20
338,4,2,8
339,6,2,8
340,3,1,4
341,7,1,14
342,2,2,13
343,4,1,4
344,4,2,15
345,3,2,13
346,3,1,1
347,7,1,2
348,6,2,8
349,1,2,11
350,5,2,21
351,2,2,5
352,2,2,5
353,4,1,8
354,4,2,2
355,2,2,4
356,7,2,21
357,2,2,1
358,7,1,2
359,3,2,18
360,4,2,18
361,3,1,15
362,4,2,21
363,2,2,11
364,4,1,2
365,2,1,5
366,6,2,16
367,6,2,13
368,3,2,1
369,4,2,2
370,2,2,18
371,2,2,5
372,2,1,5
373,3,1,3
374,4,1,15
375,3,2,3
376,4,2,2
377,3,2,18
378,2,1,1
379,4,1,2
380,3,2,3
381,4,2,18
382,4,1,21
383,3,1,8
384,3,2,12
385,3,2,7
386,3,2,1
387,4,1,8
388,3,1,1
389,3,2,7
390,3,2,5
391,5,2,12
392,2,2,8
393,4,2,18
394,2,2,1
395,2,2,6
396,3,2,2
397,4,2,18
398,3,2,18
399,4,1,7
400,2,1,4
401,2,2,1
402,3,2,12
403,2,2,5
404,2,2,5
405,7,2,2
406,3,2,21
407,2,2,18
408,3,2,12
409,2,2,13
410,3,1,2
411,5,1,2
412,4,2,16
413,3,2,12
414,3,2,1
415,4,1,1
416,5,2,15
417,3,1,1
418,3,1,4
419,2,2,4
420,4,2,2
421,5,1,4
422,7,2,18
423,2,2,5
424,3,2,18
425,3,2,13
426,2,2,5
427,4,2,13
428,2,1,5
429,2,2,1
430,2,1,11
431,2,2,11
432,5,2,17
433,6,2,7
434,5,1,4
435,3,2,8
436,2,2,5
437,4,2,18
438,2,2,12
439,4,2,15
440,7,2,2
441,4,2,2
442,3,2,2
443,3,2,4
444,7,2,1
445,5,2,13
446,6,1,1
447,5,1,12
448,3,2,18
449,3,2,8
450,5,2,2
451,7,2,14
452,6,2,18
453,2,2,5
454,3,2,21
455,4,1,3
456,4,2,1
457,2,2,5
458,6,2,17
459,2,1,5
460,5,2,19
461,6,2,8
462,2,2,17
463,3,2,8
464,2,1,5
465,2,2,20
466,3,2,6
467,4,1,4
468,1,1,11
469,4,2,7
470,1,1,11
471,4,2,8
472,4,2,1
473,2,1,5
474,3,2,18
475,3,1,3
476,4,2,1
477,4,2,15
478,6,2,17
479,3,2,13
480,2,1,5
481,5,2,8
482,3,2,15
483,2,2,13
484,1,1,11
485,7,2,8
486,7,2,1
487,4,1,18
488,3,2,13
489,2,2,5
490,1,2,11
491,2,2,5
492,3,2,13
493,6,2,8
494,4,1,1
495,2,2,11
496,2,2,5
497,3,1,18
498,4,2,18
499,3,1,2
500,2,1,3
501,3,2,3
502,4,2,7
503,4,2,12
504,3,2,3
505,4,2,18
506,3,2,17
507,3,1,1
508,3,2,13
509,3,2,3
510,2,2,13
511,5,1,5
512,4,2,1
513,3,2,1
514,3,2,3
515,3,2,2
516,7,1,15
517,3,1,15
518,4,1,13
519,4,1,15
520,4,1,21
521,7,2,8
522,3,2,13
523,6,2,8
524,2,2,1
525,4,2,7
526,5,2,18
527,3,1,3
528,2,1,18
529,4,2,13
530,3,2,3
531,2,1,15
532,3,2,8
533,3,2,13
534,3,2,16
535,4,2,7
536,3,2,21
537,5,2,15
538,7,2,17
539,3,2,3
540,2,2,2
541,2,1,5
542,2,2,5
543,3,2,6
544,4,2,13
545,4,2,18
546,3,1,1
547,4,2,13
548,4,1,17
549,3,2,7
550,5,2,9
551,4,2,21
552,6,2,19
553,3,2,3
554,3,2,13
555,2,2,5
556,3,1,10
557,7,2,2
558,4,2,21
559,3,1,8
560,5,2,16
561,2,1,15
562,4,2,21
563,3,2,5
564,5,2,2
565,3,2,17
566,3,2,18
567,4,2,21
568,6,1,18
569,2,1,5
570,3,2,5
571,6,2,6
572,2,2,5
573,4,1,3
574,3,2,20
575,3,2,13
576,5,1,16
577,4,2,1
578,2,2,18
579,3,2,6
580,1,2,11
581,6,2,15
582,2,2,5
583,3,1,1
584,3,1,1
585,2,2,2
586,4,2,15
587,3,2,21
588,3,1,12
589,2,2,3
590,4,1,7
591,3,2,1
592,2,2,1
593,6,1,2
594,7,1,14
595,3,2,8
596,3,1,2
597,4,2,13
598,4,2,8
599,6,2,7
600,4,2,18
601,2,1,21
602,7,1,7
603,3,1,7
604,5,2,18
605,2,1,5
606,1,1,11
607,3,2,1
608,2,2,5
609,3,2,8
610,3,2,5
611,4,2,1
612,6,2,8
613,4,2,21
614,4,2,2
615,6,2,18
616,3,2,8
617,3,1,8
618,3,2,1
619,2,1,2
620,2,2,1
621,2,2,5
622,3,2,1
623,3,2,18
624,3,2,2
625,4,1,13
626,2,2,5
627,6,2,3
628,4,1,1
629,1,1,11
630,4,1,15
631,4,2,18
632,5,2,18
633,3,2,18
634,1,1,11
635,7,2,18
636,2,2,21
637,4,2,13
638,3,2,7
639,5,2,18
640,2,2,5
641,4,1,1
642,4,1,2
643,3,2,3
644,3,2,21
645,4,2,21
646,4,2,8
647,4,2,13
648,3,1,13
649,3,2,5
650,3,2,18
651,4,2,8
652,2,2,21
653,7,2,14
654,6,2,8
655,3,1,3
656,5,1,17
657,6,1,14
658,3,1,1
659,3,1,1
660,5,2,17
661,5,2,2
662,2,2,5
663,3,1,8
664,4,2,19
665,2,2,3
666,2,1,1
667,3,2,19
668,3,1,4
669,3,2,18
670,3,2,13
671,2,2,5
672,4,2,8
673,3,2,21
674,3,2,18
675,3,2,21
676,2,2,17
677,6,2,3
678,3,2,1
679,4,2,17
680,3,2,13
681,4,2,8
682,3,2,5
683,3,2,5
684,3,2,5
685,3,2,5
686,2,2,5
687,3,1,8
688,7,2,14
689,6,1,1
690,3,2,13
691,4,2,12
692,3,1,1
693,4,2,13
694,2,2,5
695,2,1,2
696,3,2,13
697,6,1,7
698,2,2,5
699,2,2,1
700,6,2,18
701,2,1,5
702,4,2,8
703,7,1,2
704,4,1,9
705,3,2,5
706,4,2,21
707,4,2,8
708,3,2,1
709,2,2,1
710,3,2,21
711,3,2,19
712,3,2,1
713,4,2,8
714,2,2,5
715,2,2,1
716,2,2,5
717,3,2,12
718,2,2,3
719,1,2,1
720,2,2,1
721,4,1,10
722,3,2,13
723,3,2,13
724,6,2,14
725,7,2,12
726,3,1,10
727,4,2,12
728,3,2,7
729,4,2,13
730,3,2,1
731,5,2,4
732,3,2,8
733,4,2,17
734,3,2,8
735,3,2,15
736,2,2,13
737,1,2,20
738,2,2,18
739,4,2,13
740,3,2,15
741,3,2,6
742,2,2,1
743,1,1,3
744,3,2,18
745,1,2,11
746,2,1,20
747,2,2,5
748,3,2,1
749,4,2,19
750,4,1,10
751,3,1,18
752,3,1,4
753,1,2,11
754,4,2,8
755,4,1,1
756,4,2,1
757,3,2,13
758,4,2,8
759,7,1,4
760,7,2,16
761,2,2,8
762,1,2,11
763,2,2,11
764,2,2,21
765,3,2,18
766,3,1,8
767,3,2,13
768,3,2,13
769,5,2,18
770,2,2,5
771,6,1,2
772,2,2,13
773,3,2,7
774,2,2,5
775,1,2,18
776,3,1,4
777,2,2,20
778,2,2,18
779,3,2,1
780,3,2,18
781,2,2,5
782,7,2,2
783,3,2,5
784,2,2,1
785,2,2,20
786,3,2,1
787,2,2,5
788,3,2,1
789,2,2,2
790,3,2,18
791,4,2,8
792,3,2,18
793,4,1,15
794,6,2,21
795,4,1,15
796,6,2,7
797,6,1,8
798,3,1,21
799,3,1,6
800,4,1,13
801,3,1,21
802,3,2,17
803,2,2,5
804,3,2,21
805,4,2,13
806,4,2,1
807,2,2,5
808,3,2,8
809,3,2,18
810,3,2,13
811,6,2,1
812,3,2,7
813,2,2,5
814,2,1,5
815,3,2,5
816,5,2,1
817,2,2,5
818,2,2,5
819,4,2,8
820,4,2,8
821,2,2,3
822,3,1,2
823,3,2,1
824,4,2,13
825,7,2,2
826,4,1,2
827,5,2,3
828,2,2,5
829,1,2,20
830,4,2,8
831,5,1,1
832,2,2,3
833,4,2,8
834,4,1,13
835,7,2,1
836,3,2,12
837,7,2,8
838,6,2,18
839,3,2,1
840,3,1,4
841,6,1,15
842,2,1,1
843,3,2,8
844,3,2,1
845,2,1,1
846,3,2,6
847,3,1,8
848,3,2,16
849,3,2,4
850,4,2,1
851,2,2,5
852,3,2,6
853,3,2,18
854,3,1,17
855,2,1,3
856,5,1,7
857,4,2,18
858,4,2,15
859,3,2,13
860,2,2,1
861,3,2,8
862,4,2,8
863,3,2,8
864,3,1,1
865,4,2,2
866,1,2,11
867,5,2,13
868,6,2,18
869,2,2,21
870,3,1,2
871,1,2,11
872,6,2,2
873,7,2,7
874,5,2,16
875,1,2,11
876,3,2,5
877,3,2,1
878,2,2,3
879,5,2,17
880,4,2,18
881,2,2,15
882,2,2,3
883,4,1,15
884,1,2,11
885,4,2,1
886,7,1,1
887,7,1,17
888,1,1,11
889,5,2,21
890,2,2,5
891,3,2,2
892,4,2,1
893,6,1,7
894,2,2,5
895,6,2,2
896,2,2,16
897,3,2,7
898,3,2,8
899,3,1,2
900,7,1,14
901,7,1,1
902,7,2,1
903,7,2,14
904,4,2,21
905,5,1,13
906,1,2,11
907,5,1,7
908,6,1,2
909,5,2,8
910,6,1,1
911,6,2,1
912,4,1,3
913,3,2,1
914,4,1,10
915,3,2,8
916,3,1,2
917,6,2,7
918,5,1,2
919,4,1,2
920,2,2,5
921,3,2,18
922,7,2,17
923,3,2,8
924,6,2,18
925,4,1,4
926,1,2,11
927,3,1,21
928,7,1,17
929,3,2,16
930,3,2,6
931,7,1,2
932,4,1,7
933,5,2,2
934,4,1,8
935,4,2,15
936,2,2,5
937,3,2,16
938,3,1,2
939,3,1,21
940,1,2,11
941,2,2,21
942,6,1,7
943,5,1,13
944,4,2,1
945,5,2,8
946,4,2,8
947,2,2,1
948,7,2,13
949,6,2,18
950,4,2,8
951,5,2,3
952,7,2,17
953,6,2,21
954,3,1,1
955,6,1,8
956,4,2,2
957,4,2,2
958,4,2,3
959,6,2,12
960,1,2,11
961,2,2,11
962,3,1,2
963,3,2,1
964,3,2,8
965,7,2,8
966,7,2,3
967,2,1,1
968,6,2,13
969,3,1,12
970,3,2,1
971,3,2,13
972,5,2,2
973,3,1,2
974,4,2,20
975,4,2,1
976,4,2,15
977,3,2,3
978,2,2,1
979,1,2,11
980,3,2,7
981,3,2,21
982,3,1,10
983,3,1,17
984,6,2,17
985,3,2,5
986,7,1,1
987,4,1,18
988,6,2,12
989,6,2,1
990,2,2,7
991,3,1,10
992,4,1,4
993,3,2,1
994,2,2,3
995,2,1,5
996,3,2,18
997,1,2,20
998,5,2,21
999,3,2,16
1000,3,1,7
1001,3,2,5
1002,6,2,12
1003,3,2,3
1004,3,2,4
1005,4,2,12
1006,2,2,5
1007,6,2,13
1008,4,2,4
1009,6,2,8
1010,3,2,1
1011,3,2,9
1012,4,1,2
1013,7,2,14
1014,5,1,18
1015,4,2,4
1016,7,2,17
1017,4,2,1
1018,2,2,5
1019,4,2,2
1020,2,2,21
1021,4,2,1
1022,3,2,4
1023,7,2,14
1024,4,1,2
1025,3,2,17
1026,5,1,1
1027,2,2,5
1028,5,1,8
1029,3,2,1
1030,3,2,8
1031,4,2,17
1032,6,2,17
1033,3,2,6
1034,4,1,2
1035,2,2,3
1036,4,2,8
1037,5,2,8
1038,7,1,16
1039,4,1,2
1040,3,2,12
1041,5,2,3
1042,4,2,6
1043,6,1,12
1044,3,2,21
1045,1,1,11
1046,7,2,19
1047,2,2,1
1048,4,2,7
1049,5,2,15
1050,3,2,2
1051,3,1,1
1052,4,1,3
1053,4,2,1
1054,1,2,11
1055,4,2,1
1056,1,2,1
1057,5,2,18
1058,3,2,2
1059,3,1,1
1060,2,2,11
1061,5,2,1
1062,6,2,20
1063,4,2,8
1064,3,2,8
1065,3,1,1
1066,5,2,13
1067,4,2,13
1068,2,1,5
1069,3,2,21
1070,5,1,3
1071,6,2,17
1072,4,1,8
1073,3,1,7
1074,5,2,18
1075,3,1,7
1076,3,1,4
1077,3,2,4
1078,5,1,10
1079,3,2,8
1080,7,2,8
1081,2,2,5
1082,5,2,8
1083,7,2,1
1084,1,2,20
1085,3,2,8
1086,2,2,5
1087,3,2,17
1088,1,1,11
1089,4,2,7
1090,3,2,8
1091,2,2,6
1092,2,1,5
1093,6,2,15
1094,2,1,1
1095,7,1,7
1096,1,2,11
1097,2,2,18
1098,4,2,8
1099,3,2,18
1100,3,2,1
1101,4,2,2
1102,2,2,2
1103,5,1,8
1104,4,2,12
1105,4,2,7
1106,2,2,5
1107,6,1,2
1108,7,2,2
1109,2,2,11
1110,7,1,7
1111,6,1,17
1112,2,2,7
1113,2,2,5
1114,2,1,10
1115,3,1,2
1116,3,2,16
1117,2,2,15
1118,6,2,14
1119,4,2,2
1120,2,2,5
1121,7,2,8
1122,7,2,15
1123,6,2,1
1124,3,2,3
1125,2,1,5
1126,7,2,17
1127,3,2,1
1128,3,2,2
1129,4,2,18
1130,2,2,8
1131,7,2,14
1132,2,2,13
1133,2,2,3
1134,2,2,21
1135,6,2,14
1136,4,1,8
1137,2,2,5
1138,2,2,13
1139,3,2,2
1140,5,1,3
1141,3,1,4
1142,2,2,2
1143,6,2,8
1144,3,2,8
1145,6,2,4
1146,2,1,17
1147,3,2,21
1148,4,2,18
1149,3,2,13
1150,3,1,21
1151,3,2,16
1152,2,2,5
1153,2,2,11
1154,1,1,11
1155,3,2,13
1156,6,1,3
1157,5,2,8
1158,4,1,2
1159,2,2,1
1160,2,2,15
1161,3,2,1
1162,4,1,1
1163,1,2,11
1164,3,1,20
1165,3,2,13
1166,7,2,7
1167,6,1,2
1168,3,1,1
1169,3,2,21
1170,7,2,4
1171,5,2,13
1172,3,1,1
1173,3,1,8
1174,2,1,17
1175,3,1,3
1176,7,2,2
1177,3,1,18
1178,7,2,1
1179,6,2,2
1180,6,1,21
1181,4,2,8
1182,1,2,11
1183,4,2,20
1184,3,1,5
1185,4,1,2
1186,2,2,20
1187,1,1,1
1188,5,2,8
1189,3,2,1
1190,5,2,1
1191,4,1,1
1192,6,2,17
1193,3,2,13
1194,3,1,2
1195,1,1,11
1196,2,1,15
1197,4,2,2
1198,1,2,11
1199,6,2,14
1200,1,2,1
1201,2,2,5
1202,4,2,13
1203,3,1,2
1204,3,2,8
1205,7,1,1
1206,6,1,8
1207,6,2,1
1208,3,2,1
1209,4,2,8
1210,3,2,18
1211,2,2,5
1212,6,1,2
1213,6,2,1
1214,7,2,14
1215,4,2,18
1216,3,2,3
1217,3,2,13
1218,7,2,16
1219,3,2,8
1220,1,2,11
1221,2,2,1
1222,4,2,1
1223,3,2,3
1224,6,2,14
1225,5,2,8
1226,2,2,21
1227,6,2,2
1228,3,2,2
1229,3,1,5
1230,3,2,12
1231,3,2,13
1232,2,1,5
1233,5,1,21
1234,2,2,5
1235,3,1,8
1236,3,1,2
1237,2,2,5
1238,4,1,21
1239,3,1,21
1240,2,1,15
1241,1,2,11
1242,4,1,1
1243,4,2,16
1244,3,2,5
1245,3,2,18
1246,2,2,5
1247,4,2,1
1248,4,1,21
1249,4,2,3
1250,6,2,1
1251,3,2,8
1252,7,2,14
1253,4,1,21
1254,2,1,2
1255,3,2,18
1256,3,2,21
1257,2,1,15
1258,5,2,8
1259,4,2,8
1260,3,2,18
1261,2,2,5
1262,3,2,5
1263,1,2,11
1264,3,2,2
1265,2,1,21
1266,3,2,5
1267,3,2,16
1268,6,2,3
1269,7,1,14
1270,3,2,7
1271,5,1,7
1272,2,2,21
1273,4,2,3
1274,5,2,8
1275,6,2,18
1276,4,2,18
1277,2,1,1
1278,2,2,5
1279,4,2,2
1280,1,2,11
1281,3,2,20
1282,6,2,2
1283,2,1,2
1284,5,2,17
1285,4,2,5
1286,4,2,18
1287,6,1,8
1288,4,1,20
1289,5,2,7
1290,4,2,1
1291,4,1,1
1292,3,2,8
1293,3,2,6
1294,6,1,21
1295,4,1,7
1296,1,2,1
1297,3,2,8
1298,4,2,7
1299,3,2,15
1300,1,2,11
1301,3,1,3
1302,2,2,5
1303,3,2,20
1304,3,2,15
1305,5,2,21
1306,3,2,4
1307,7,2,14
1308,1,2,11
1309,3,2,15
1310,5,2,1
1311,2,2,11
1312,3,2,15
1313,2,2,5
1314,2,1,5
1315,4,2,8
1316,6,2,3
1317,5,2,8
1318,2,2,17
1319,3,1,4
1320,3,2,5
1321,3,1,15
1322,7,2,1
1323,4,1,3
1324,4,2,17
1325,3,2,2
1326,3,1,1
1327,1,2,11
1328,4,2,15
1329,2,2,15
1330,7,2,2
1331,5,2,1
1332,3,2,8
1333,3,2,18
1334,6,2,8
1335,4,2,1
1336,6,1,21
1337,7,2,18
1338,3,2,1
1339,4,2,19
1340,3,2,8
1341,2,2,8
1342,4,2,1
1343,4,2,15
1344,3,1,10
1345,3,1,3
1346,4,2,21
1347,2,1,2
1348,1,1,11
1349,6,2,8
1350,4,1,1
1351,3,1,18
1352,4,2,21
1353,1,2,11
1354,3,1,3
1355,5,1,21
1356,2,1,5
1357,5,2,1
1358,4,2,18
1359,4,2,2
1360,3,2,21
1361,3,1,1
1362,4,2,13
1363,6,2,8
1364,5,1,3
1365,1,1,11
1366,1,2,11
1367,3,2,13
1368,3,1,4
1369,3,2,6
1370,4,2,3
1371,6,1,3
1372,1,2,11
1373,3,1,2
1374,6,2,2
1375,5,1,6
1376,5,1,2
1377,4,2,17
1378,5,1,8
1379,7,1,14
1380,1,2,11
1381,2,2,12
1382,5,1,2
1383,3,1,8
1384,2,2,11
1385,3,1,6
1386,3,1,1
1387,6,1,14
1388,7,2,21
1389,3,2,18
1390,4,2,17
1391,4,2,16
1392,5,2,4
1393,2,2,5
1394,3,1,4
1395,3,2,3
1396,3,1,13
1397,4,2,8
1398,7,1,17
1399,2,2,18
1400,3,2,8
1401,2,1,2
1402,2,2,5
1403,3,1,1
1404,6,2,17
1405,7,2,14
1406,3,2,5
1407,4,1,16
1408,3,2,1
1409,2,2,5
1410,6,2,8
1411,4,2,2
1412,3,2,18
1413,2,2,4
1414,2,2,5
1415,5,2,15
1416,3,2,15
1417,4,2,17
1418,2,2,5
1419,3,1,2
1420,2,2,5
1421,1,1,11
1422,4,2,18
1423,3,2,5
1424,4,2,1
1425,1,2,11
1426,2,2,15
1427,3,2,13
1428,5,1,12
1429,4,1,4
1430,2,2,5
1431,7,2,7
1432,4,2,2
1433,2,1,15
1434,1,1,11
1435,3,2,15
1436,6,1,7
1437,6,2,4
1438,2,2,3
1439,4,2,4
1440,4,2,13
1441,4,2,17
1442,2,2,3
1443,4,2,3
1444,3,1,5
1445,3,2,3
1446,4,2,13
1447,2,2,5
1448,3,1,4
1449,4,2,21
1450,2,2,5
1451,4,2,21
1452,7,1,14
1453,3,2,15
1454,2,2,5
1455,5,1,1
1456,3,2,3
1457,3,2,2
1458,1,2,1
1459,3,1,1
1460,2,1,5
1461,5,1,1
1462,4,2,17
1463,6,2,17
1464,4,2,13
1465,6,2,17
1466,2,2,5
1467,3,2,6
1468,1,2,15
1469,7,2,21
1470,2,2,5
1471,3,2,18
1472,3,2,8
1473,3,2,15
1474,3,2,5
1475,3,1,3
1476,2,1,1
1477,5,1,2
1478,1,2,11
1479,6,1,3
1480,3,2,21
1481,4,2,18
1482,3,2,8
1483,2,2,5
1484,3,2,13
1485,3,1,10
1486,3,2,17
1487,4,2,8
1488,3,2,8
1489,4,1,3
1490,6,2,8
1491,2,2,5
1492,3,2,13
1493,3,1,15
1494,3,2,18
1495,2,2,1
1496,3,2,18
1497,6,2,6
1498,2,2,5
1499,1,2,11
1500,3,2,18
1501,3,2,12
1502,2,2,5
1503,3,2,13
1504,2,2,20
1505,6,2,12
1506,3,2,8
1507,4,2,18
1508,1,1,11
1509,1,2,1
1510,3,1,2
1511,4,2,13
1512,3,2,21
1513,4,1,17
1514,2,2,5
1515,3,2,17
1516,3,1,13
1517,2,2,1
1518,3,2,3
1519,2,2,5
1520,3,2,18
1521,3,1,8
1522,4,2,21
1523,3,2,18
1524,2,2,5
1525,3,1,17
1526,7,2,18
1527,2,2,11
1528,3,2,16
1529,2,2,5
1530,3,2,5
1531,5,2,18
1532,2,2,15
1533,5,2,2
1534,6,2,13
1535,2,1,21
1536,4,1,4
1537,2,2,21
1538,3,2,4
1539,3,2,4
1540,5,2,1
1541,7,2,18
1542,2,2,18
1543,3,2,12
1544,3,2,13
1545,3,2,21
1546,3,2,5
1547,7,2,14
1548,4,2,2
1549,4,2,7
1550,2,2,5
1551,3,2,12
1552,5,2,21
1553,3,1,16
1554,4,1,13
1555,2,1,1
1556,2,2,5
1557,2,1,5
1558,2,2,7
1559,4,2,9
1560,3,1,4
1561,2,1,5
1562,2,2,21
1563,1,1,11
1564,6,2,2
1565,5,2,18
1566,4,2,17
1567,3,2,13
1568,1,1,11
1569,7,1,14
1570,2,2,18
1571,3,2,21
1572,3,1,4
1573,1,2,1
1574,3,2,7
1575,6,1,8
1576,5,1,10
1577,7,2,1
1578,2,2,5
1579,3,2,1
1580,2,1,5
1581,2,1,5
1582,2,2,1
1583,4,2,7
1584,3,2,20
1585,7,2,21
1586,5,2,8
1587,3,1,4
1588,3,2,12
1589,3,2,1
1590,4,2,2
1591,6,2,8
1592,4,2,8
1593,3,2,17
1594,4,1,21
1595,4,2,2
1596,2,1,6
1597,3,2,13
1598,4,2,14
1599,3,2,1
1600,4,2,8
1601,3,2,13
1602,3,1,8
1603,3,1,1
1604,3,2,12
1605,2,1,1
1606,4,1,4
1607,5,2,2
1608,3,2,12
1609,4,1,10
1610,3,2,12
1611,3,2,1
1612,3,2,18
1613,2,2,21
1614,4,2,1
1615,5,1,8
1616,3,2,1
1617,3,2,13
1618,6,2,1
1619,6,2,4
1620,3,2,21
1621,3,2,5
1622,2,2,5
1623,6,2,16
1624,3,2,1
1625,5,2,1
1626,2,2,5
1627,2,2,18
1628,2,2,21
1629,2,2,5
1630,5,2,18
1631,6,1,1
1632,3,2,17
1633,5,1,8
1634,7,1,1
1635,3,2,1
1636,3,1,20
1637,7,2,1
1638,2,1,18
1639,3,2,18
1640,4,2,18
1641,3,2,1
1642,6,2,14
1643,5,2,3
1644,2,2,13
1645,2,1,10
1646,3,2,21
1647,2,2,19
1648,6,2,15
1649,2,2,20
1650,3,2,20
1651,3,2,13
1652,3,2,17
1653,2,2,1
1654,5,1,1
1655,2,2,5
1656,3,2,18
1657,5,1,1
1658,4,1,7
1659,2,1,10
1660,3,1,3
1661,4,2,8
1662,3,2,13
1663,2,2,5
1664,2,1,5
1665,5,2,18
1666,3,2,15
1667,6,2,17
1668,4,2,3
1669,3,1,18
1670,7,1,14
1671,4,2,1
1672,3,2,18
1673,1,2,11
1674,4,2,3
1675,3,1,7
1676,2,2,5
1677,2,2,15
1678,2,1,18
1679,3,2,13
1680,3,2,21
1681,2,2,5
1682,3,2,3
1683,3,1,8
1684,2,2,4
1685,4,2,13
1686,4,2,13
1687,3,2,4
1688,2,1,5
1689,4,2,6
1690,4,2,17
1691,3,1,18
1692,4,2,21
1693,3,2,13
1694,3,2,13
1695,3,2,2
1696,4,2,8
1697,2,1,5
1698,4,2,3
1699,3,1,20
1700,3,2,21
1701,3,1,5
1702,2,2,11
1703,2,2,16
1704,3,2,5
1705,2,1,5
1706,3,2,21
1707,6,2,2
1708,3,2,1
1709,3,2,1
1710,2,2,1
1711,2,1,5
1712,3,2,1
1713,3,2,1
1714,3,2,18
1715,3,2,17
1716,3,2,1
1717,6,1,7
1718,2,2,5
1719,2,2,17
1720,2,2,5
1721,2,2,20
1722,4,2,1
1723,4,2,18
1724,2,2,5
1725,2,2,20
1726,3,2,3
1727,4,2,17
1728,2,2,5
1729,3,2,8
1730,2,1,5
1731,2,1,1
1732,2,2,5
1733,2,2,15
1734,5,2,18
1735,2,2,21
1736,7,2,9
1737,4,2,21
1738,4,2,17
1739,7,2,17
1740,7,2,2
1741,4,2,8
1742,3,2,16
1743,4,2,18
1744,4,2,13
1745,5,2,1
1746,3,2,5
1747,3,2,1
1748,6,2,2
1749,3,2,3
1750,6,2,6
1751,4,2,21
1752,3,2,4
1753,4,2,7
1754,2,2,20
1755,2,1,5
1756,3,1,2
1757,3,2,5
1758,3,1,1
1759,3,2,17
1760,3,1,4
1761,4,2,1
1762,3,2,15
1763,4,2,8
1764,2,2,1
1765,2,2,5
1766,5,1,1
1767,3,2,21
1768,5,2,17
1769,3,2,18
1770,4,2,17
1771,3,2,18
1772,7,2,3
1773,2,2,5
1774,3,2,18
1775,3,2,5
1776,3,2,1
1777,3,2,21
1778,2,2,5
1779,2,2,2
1780,4,2,2
1781,4,1,1
1782,5,2,1
1783,2,2,5
1784,2,2,21
1785,2,2,5
1786,5,2,2
1787,2,2,9
1788,5,2,3
1789,1,2,11
1790,3,2,1
1791,2,2,5
1792,3,1,3
1793,3,2,5
1794,3,2,12
1795,2,2,18
1796,6,2,12
1797,4,2,8
1798,5,2,12
1799,4,2,12
1800,2,2,5
1801,3,1,7
1802,2,2,5
1803,3,2,3
1804,3,2,8
1805,2,2,5
1806,2,2,5
1807,2,2,18
1808,2,1,5
1809,3,1,15
1810,6,2,14
1811,7,2,3
1812,3,1,13
1813,4,1,7
1814,6,2,8
1815,1,2,2
1816,4,1,10
1817,4,2,2
1818,1,2,9
1819,4,1,13
1820,3,2,21
1821,3,2,21
1822,3,1,1
1823,4,1,2
1824,2,1,5
1825,3,2,8
1826,5,2,12
1827,3,1,2
1828,2,2,5
1829,3,2,17
1830,2,2,5
1831,2,2,5
1832,2,1,5
1833,2,2,18
1834,4,2,6
1835,3,2,20
1836,3,2,1
1837,3,2,3
1838,4,2,8
1839,2,2,5
1840,3,2,13
1841,2,2,1
1842,2,2,5
1843,3,2,13
1844,2,1,5
1845,3,2,3
1846,5,2,13
1847,2,2,5
1848,4,2,6
1849,4,2,8
1850,2,2,6
1851,3,2,20
1852,3,2,13
1853,6,2,1
1854,3,2,1
1855,2,2,5
1856,7,2,8
1857,1,2,11
1858,2,1,5
1859,3,1,5
1860,7,2,17
1861,6,2,17
1862,6,2,15
1863,2,2,5
1864,4,2,8
1865,2,1,2
1866,3,2,8
1867,6,2,8
1868,6,2,12
1869,5,2,15
1870,7,2,14
1871,5,1,2
1872,6,2,21
1873,4,2,8
1874,5,2,8
1875,4,2,13
1876,3,2,13
1877,5,1,21
1878,1,2,11
1879,3,2,5
1880,4,2,1
1881,4,2,3
1882,4,2,17
1883,6,1,1
1884,5,2,21
1885,6,2,18
1886,3,2,13
1887,7,2,16
1888,4,2,13
1889,2,2,15
1890,6,2,7
1891,5,2,2
1892,3,2,21
1893,4,1,1
1894,4,1,8
1895,4,2,15
1896,7,2,14
1897,6,1,3
1898,3,2,13
1899,5,1,7
1900,7,2,13
1901,6,2,8
1902,3,2,20
1903,4,2,1
1904,2,2,2
1905,4,1,21
1906,3,1,6
1907,4,2,18
1908,7,2,14
1909,2,2,5
1910,1,2,11
1911,2,1,5
1912,3,2,5
1913,3,2,18
1914,4,1,15
1915,6,2,14
1916,5,2,8
1917,2,2,11
1918,5,1,7
1919,1,2,1
1920,4,1,8
1921,7,2,13
1922,3,1,8
1923,4,2,8
1924,7,1,7
1925,6,2,8
1926,1,1,1
1927,4,2,8
1928,1,2,11
1929,1,1,11
1930,3,2,16
1931,3,2,3
1932,3,2,8
1933,2,2,20
1934,3,2,18
1935,1,2,11
1936,4,2,1
1937,3,2,12
1938,3,1,3
1939,4,1,3
1940,3,2,13
1941,4,2,18
1942,4,2,6
1943,2,2,5
1944,2,1,5
1945,3,2,21
1946,3,2,15
1947,3,2,8
1948,1,2,11
1949,2,2,18
1950,3,2,13
1951,2,1,5
1952,4,2,2
1953,3,1,3
1954,3,2,17
1955,1,2,20
1956,4,2,1
1957,2,1,5
1958,3,1,2
1959,6,1,14
1960,5,2,8
1961,6,1,4
1962,2,1,2
1963,6,1,10
1964,3,1,7
1965,7,2,18
1966,3,2,21
1967,6,2,8
1968,3,2,12
1969,3,1,4
1970,6,2,14
1971,3,1,15
1972,5,2,18
1973,3,2,2
1974,4,2,18
1975,2,2,5
1976,4,2,6
1977,7,2,7
1978,1,2,11
1979,7,2,18
1980,4,2,8
1981,7,2,2
1982,1,2,11
1983,3,2,15
1984,2,2,11
1985,5,2,13
1986,6,2,14
1987,3,2,18
1988,3,1,2
1989,6,2,7
1990,3,2,8
1991,3,2,21
1992,2,2,5
1993,4,2,18
1994,4,2,3
1995,3,2,2
1996,4,2,1
1997,3,2,1
1998,6,1,10
1999,4,1,4
2000,2,2,5
2001,6,2,2
2002,7,1,14
2003,1,2,11
2004,5,2,20
2005,2,2,5
2006,4,2,1
2007,6,2,17
2008,3,2,4
2009,4,1,8
2010,2,2,5
2011,4,1,4
2012,3,2,5
2013,5,2,1
2014,2,2,5
2015,2,2,5
2016,7,1,3
2017,3,2,18
2018,4,2,17
2019,6,2,2
2020,3,2,8
2021,3,2,1
2022,3,2,8
2023,2,2,5
2024,1,2,20
2025,7,2,14
2026,6,2,17
2027,3,1,10
2028,5,2,7
2029,3,1,13
2030,3,2,5
2031,4,2,21
2032,6,2,15
2033,5,1,21
2034,5,1,3
2035,2,1,1
2036,3,1,15
2037,7,2,15
2038,5,1,2
2039,6,2,17
2040,3,1,8
2041,3,1,21
2042,1,2,11
2043,3,2,15
2044,5,1,1
2045,1,1,1
2046,4,2,2
2047,1,2,11
2048,6,2,7
2049,6,1,1
2050,4,1,4
2051,4,2,8
2052,1,2,11
2053,5,2,12
2054,3,2,13
2055,6,2,12
2056,3,2,5
2057,4,2,2
2058,7,1,2
2059,4,2,1
2060,1,2,2
2061,7,2,2
2062,2,2,5
2063,3,2,5
2064,4,2,2
2065,3,2,7
2066,3,1,7
2067,6,2,17
2068,4,1,13
2069,7,2,16
2070,4,1,7
2071,5,2,8
2072,6,1,13
2073,2,1,5
2074,2,2,5
2075,3,1,5
2076,2,2,5
2077,2,2,1
2078,2,2,5
2079,1,2,11
2080,3,2,12
2081,2,2,18
2082,1,2,20
2083,2,2,5
2084,2,2,5
2085,2,2,1
2086,4,2,15
2087,3,2,1
2088,6,2,8
2089,4,2,18
2090,4,2,18
2091,4,1,21
2092,7,2,2
2093,2,2,1
2094,4,2,3
2095,7,2,14
2096,3,1,18
2097,2,2,6
2098,4,2,21
2099,2,1,1
2100,3,1,1
2101,3,2,17
2102,3,2,12
2103,4,2,13
2104,5,2,16
2105,3,2,2
2106,2,1,21
2107,3,2,2
2108,1,2,11
2109,3,2,17
2110,6,2,12
2111,7,2,14
2112,5,1,13
2113,3,2,7
2114,2,2,19
2115,4,2,18
2116,2,2,5
2117,7,2,14
2118,3,2,15
2119,4,2,5
2120,1,2,1
2121,7,2,14
2122,4,2,13
2123,4,1,1
2124,3,2,1
2125,4,2,4
2126,7,2,15
2127,2,2,5
2128,5,1,2
2129,3,2,6
2130,5,2,1
2131,3,2,1
2132,7,2,15
2133,1,1,11
2134,2,2,11
2135,6,2,2
2136,4,2,19
2137,1,1,11
2138,2,1,5
2139,6,1,4
2140,5,2,15
2141,6,1,17
2142,5,1,15
2143,2,2,5
2144,2,2,1
2145,2,2,11
2146,2,2,3
2147,2,1,1
2148,2,1,1
2149,3,2,1
2150,2,1,5
2151,7,2,14
2152,2,2,5
2153,2,2,17
2154,3,2,13
2155,1,1,11
2156,2,2,20
2157,2,1,4
2158,3,2,13
2159,6,1,15
2160,2,1,20
2161,4,1,3
2162,1,1,11
2163,2,2,1
2164,4,2,1
2165,3,2,8
2166,1,2,11
2167,3,1,7
2168,1,2,11
2169,1,2,1
2170,6,1,17
2171,4,2,1
2172,2,2,21
2173,6,2,14
2174,6,2,13
2175,3,2,5
2176,1,2,20
2177,4,1,21
2178,5,2,15
2179,3,1,1
2180,3,2,13
2181,3,2,1
2182,3,1,5
2183,7,1,2
2184,2,2,5
2185,5,2,18
2186,2,2,6
2187,5,2,17
2188,2,1,20
2189,1,2,11
2190,3,1,16
2191,2,2,5
2192,3,1,1
2193,1,2,11
2194,3,2,18
2195,1,2,11
2196,3,2,13
2197,3,1,2
2198,4,1,10
2199,1,2,11
2200,4,2,2
2201,7,2,21
2202,1,1,11
2203,5,2,13
2204,7,2,4
2205,3,1,8
2206,5,2,8
2207,2,2,5
2208,3,2,1
2209,4,2,8
2210,5,2,18
2211,5,2,7
2212,2,2,5
2213,3,1,1
2214,3,1,2
2215,3,1,1
2216,3,1,21
2217,1,2,11
2218,4,2,18
2219,3,2,7
2220,6,1,4
2221,7,2,18
2222,5,1,2
2223,3,2,3
2224,3,2,13
2225,3,2,6
2226,3,1,8
2227,6,2,15
2228,3,2,13
2229,5,2,1
2230,5,1,2
2231,6,2,12
2232,3,2,15
2233,4,1,4
2234,7,2,2
2235,1,2,11
2236,1,2,11
2237,4,1,7
2238,3,1,5
2239,2,2,11
2240,5,2,13
2241,5,2,6
2242,2,2,5
2243,5,2,3
2244,1,2,11
2245,1,2,11
2246,3,2,1
2247,5,2,3
2248,4,1,13
2249,3,2,6
2250,2,2,20
2251,4,2,15
2252,2,1,2
2253,6,1,1
2254,4,2,6
2255,4,1,7
2256,5,1,16
2257,2,1,5
2258,2,1,5
2259,7,1,17
2260,3,1,21
2261,3,2,6
2262,5,2,18
2263,3,2,7
2264,5,1,8
2265,7,2,14
2266,6,1,3
2267,7,1,14
2268,4,1,2
2269,5,1,1
2270,2,2,2
2271,6,2,15
2272,3,2,1
2273,3,2,7
2274,2,2,3
2275,7,2,8
2276,7,2,14
2277,5,1,10
2278,6,2,18
2279,6,2,8
2280,7,2,7
2281,5,2,12
2282,6,2,3
2283,4,2,19
2284,3,2,21
2285,1,1,11
2286,4,2,18
2287,7,2,1
2288,1,2,11
2289,6,1,2
2290,3,2,1
2291,5,2,2
2292,6,2,16
2293,7,1,4
2294,7,2,14
2295,5,2,12
2296,3,1,7
2297,7,2,14
2298,4,2,18
2299,2,1,11
2300,7,2,14
2301,3,1,13
2302,6,2,13
2303,6,2,18
2304,5,2,13
2305,6,2,21
2306,2,1,5
2307,3,2,18
2308,5,1,17
2309,5,1,1
2310,5,2,13
2311,3,1,5
2312,5,2,1
2313,6,1,7
2314,3,1,2
2315,7,2,8
2316,4,2,1
2317,5,1,10
2318,7,2,8
2319,4,2,8
2320,6,1,2
2321,3,2,8
2322,7,1,14
2323,4,2,4
2324,4,2,18
2325,2,1,5
2326,2,2,5
2327,2,2,11
2328,7,2,8
2329,7,1,16
2330,5,2,8
2331,7,2,2
2332,7,2,15
2333,6,2,7
2334,7,1,8
2335,6,2,18
2336,4,2,19
2337,4,2,18
2338,5,2,18
2339,7,1,4
2340,4,2,3
2341,7,2,2
2342,4,2,4
2343,5,1,2
2344,3,2,13
2345,4,2,17
2346,1,1,11
2347,4,2,2
2348,6,2,13
2349,3,2,9
2350,2,2,5
2351,3,1,1
2352,6,2,14
2353,4,1,10
2354,4,2,12
2355,5,1,10
2356,6,1,17
2357,4,1,15
2358,7,1,7
2359,7,2,14
2360,6,2,7
2361,7,2,8
2362,3,2,15
2363,6,2,15
2364,7,1,10
2365,6,2,8
2366,5,1,17
2367,3,1,10
2368,7,1,14
2369,4,2,15
2370,6,2,2
2371,4,1,8
2372,5,1,8
2373,5,2,8
2374,3,2,15
2375,6,1,8
2376,3,2,2
2377,4,2,1
2378,3,2,4
2379,2,2,19
2380,3,2,5
2381,4,1,10
2382,6,2,14
2383,3,1,15
2384,4,2,18
2385,5,1,3
2386,3,1,1
2387,3,2,18
2388,7,2,6
2389,3,2,17
2390,3,1,7
2391,6,2,19
2392,7,1,4
2393,7,2,14
2394,4,2,7
2395,4,2,8
2396,2,1,1
2397,4,1,12
2398,3,2,1
2399,4,2,18
2400,3,1,17
2401,3,2,5
2402,5,2,18
2403,2,2,5
2404,2,2,8
2405,6,2,9
2406,7,1,13
2407,4,2,17
2408,5,1,2
2409,4,1,10
2410,7,2,8
2411,4,1,15
2412,7,2,14
2413,7,1,8
2414,3,2,2
2415,3,2,8
2416,5,2,8
2417,5,2,2
2418,1,1,11
2419,3,2,1
2420,6,2,8
2421,4,2,8
2422,6,1,10
2423,5,1,10
2424,3,2,18
2425,4,1,15
2426,7,2,1
2427,3,1,15
2428,5,2,18
2429,3,2,3
2430,3,2,5
2431,3,1,5
2432,3,2,5
2433,3,2,5
2434,3,2,5
2435,3,2,5
2436,3,2,8
2437,3,2,5
2438,4,2,2
2439,5,2,18
2440,6,2,18
2441,5,1,7
2442,4,2,18
2443,4,1,1
2444,5,1,5
2445,3,2,1
2446,2,2,8
2447,3,2,15
2448,4,2,7
2449,7,2,14
2450,5,2,17
2451,5,2,13
2452,5,2,8
2453,3,2,8
2454,2,2,1
2455,4,2,8
2456,3,2,6
2457,3,2,1
2458,3,2,8
2459,6,2,8
2460,6,1,2
2461,2,2,5
2462,4,2,2
2463,3,2,8
2464,2,1,5
2465,6,2,7
2466,3,2,16
2467,1,2,11
2468,6,2,2
2469,3,2,5
2470,4,2,19
2471,6,2,14
2472,3,2,19
2473,3,2,13
2474,3,2,13
2475,3,1,19
2476,6,2,13
2477,5,2,1
2478,6,2,2
2479,3,1,2
2480,2,1,21
2481,4,2,15
2482,6,1,4
2483,7,2,14
2484,5,2,6
2485,4,2,15
2486,2,2,13
2487,5,2,8
2488,5,1,3
2489,4,1,10
2490,3,2,13
2491,4,2,8
2492,5,1,3
2493,5,2,3
2494,2,2,5
2495,2,1,5
2496,6,2,2
2497,6,1,15
2498,7,2,19
2499,6,2,1
2500,7,2,2
2501,3,2,16
2502,7,2,14
2503,4,2,18
2504,3,2,8
2505,3,2,8
2506,3,1,15
2507,3,2,5
2508,4,1,4
2509,3,2,6
2510,3,2,8
2511,3,2,8
2512,5,1,15
2513,7,2,2
2514,7,2,15
2515,5,2,13
2516,5,1,7
2517,4,1,10
2518,3,2,8
2519,5,1,3
2520,7,1,3
2521,4,2,18
2522,2,2,12
2523,3,2,18
2524,7,1,10
2525,4,1,2
2526,7,2,14
2527,4,2,16
2528,7,2,1
2529,4,1,10
2530,2,2,1
2531,5,1,8
2532,7,1,14
2533,3,1,4
2534,6,1,7
2535,7,1,3
2536,7,2,14
2537,4,2,12
2538,7,2,14
2539,4,2,8
2540,5,1,7
2541,4,1,6
2542,5,1,14
2543,4,1,1
2544,5,2,2
2545,7,2,14
2546,7,1,14
2547,4,1,1
2548,4,1,7
2549,7,2,14
2550,6,2,8
2551,3,2,13
2552,3,1,10
2553,3,2,8
2554,3,2,2
2555,7,2,8
2556,3,2,5
2557,2,1,20
2558,7,2,18
2559,2,2,11
2560,5,1,7
2561,3,2,16
2562,2,2,1
2563,5,2,14
2564,4,1,21
2565,4,2,6
2566,4,2,18
2567,3,2,1
2568,3,2,18
2569,5,2,1
2570,7,1,15
2571,4,2,18
2572,4,2,15
2573,5,2,17
2574,6,2,7
2575,4,2,8
2576,2,2,18
2577,3,2,8
2578,6,2,8
2579,4,2,16
2580,5,1,2
2581,3,2,12
2582,3,1,2
2583,4,2,8
2584,7,1,2
2585,5,2,16
2586,3,2,21
2587,4,2,8
2588,7,1,14
2589,3,2,1
2590,2,2,5
2591,2,2,2
2592,6,2,8
2593,7,2,17
2594,4,2,8
2595,2,2,5
2596,6,2,8
2597,6,1,1
2598,3,2,18
2599,3,2,13
2600,3,2,15
2601,4,2,17
2602,5,2,13
2603,3,2,18
2604,3,2,1
2605,4,2,8
2606,6,2,8
2607,7,1,1
2608,3,1,2
2609,6,1,13
2610,5,2,8
2611,3,2,4
2612,5,1,4
2613,4,2,2
2614,3,2,8
2615,3,2,8
2616,4,2,8
2617,5,1,16
2618,2,1,5
2619,4,2,13
2620,2,2,5
2621,2,2,1
2622,4,1,7
2623,7,2,2
2624,4,1,1
2625,4,2,8
2626,7,2,2
2627,3,2,2
2628,3,1,3
2629,3,2,12
2630,2,1,6
2631,6,1,2
2632,7,2,1
2633,4,1,10
2634,7,2,2
2635,4,2,1
2636,2,2,13
2637,4,1,21
2638,3,2,15
2639,3,1,7
2640,4,2,13
2641,3,2,7
2642,3,2,1
2643,5,2,18
2644,2,2,16
2645,3,2,8
2646,5,2,18
2647,4,1,12
2648,3,2,18
2649,3,2,17
2650,5,2,8
2651,7,2,15
2652,4,2,21
2653,3,2,8
2654,4,1,10
2655,4,2,8
2656,7,2,14
2657,1,1,11
2658,3,2,8
2659,4,2,15
2660,7,2,18
2661,7,2,14
2662,3,2,18
2663,3,1,5
2664,4,2,8
2665,4,2,12
2666,5,2,17
2667,4,1,7
2668,3,1,5
2669,5,2,1
2670,4,2,7
2671,4,1,13
2672,4,2,8
2673,4,2,8
2674,3,2,5
2675,4,2,19
2676,7,2,21
2677,4,1,8
2678,3,2,7
2679,2,1,5
2680,3,2,13
2681,3,1,5
2682,2,2,5
2683,4,2,8
2684,2,1,1
2685,5,2,8
2686,3,2,1
2687,1,2,11
2688,3,2,18
2689,3,2,13
2690,3,2,8
2691,2,2,5
2692,2,1,5
2693,7,2,14
2694,2,2,5
2695,4,2,12
2696,3,2,8
2697,6,1,18
2698,3,1,3
2699,7,1,14
2700,3,2,8
2701,5,2,2
2702,5,2,7
2703,4,2,12
2704,7,2,14
2705,3,2,2
2706,3,1,2
2707,7,2,14
2708,3,2,8
2709,3,1,1
2710,4,2,18
2711,3,1,5
2712,2,1,20
2713,3,2,8
2714,2,2,5
2715,6,1,5
2716,6,1,5
2717,3,2,5
2718,3,1,5
2719,3,2,13
2720,4,2,1
2721,5,2,15
2722,4,2,8
2723,3,1,10
2724,5,1,3
2725,4,2,8
2726,5,2,12
2727,3,2,12
2728,4,2,13
2729,6,2,8
2730,4,2,12
2731,4,2,8
2732,5,2,18
2733,5,2,18
2734,2,1,5
2735,3,2,8
2736,5,2,13
2737,3,2,4
2738,6,1,3
2739,4,1,8
2740,5,2,18
2741,3,2,15
2742,3,2,18
2743,3,2,15
2744,2,2,18
2745,4,1,2
2746,6,2,15
2747,2,1,5
2748,3,2,5
2749,3,2,13
2750,3,1,16
2751,3,1,17
2752,3,2,16
2753,6,1,21
2754,6,2,13
2755,4,2,8
2756,2,2,5
2757,3,2,3
2758,7,2,9
2759,3,2,8
2760,7,2,1
2761,4,2,7
2762,6,2,17
2763,2,1,5
2764,3,2,8
2765,6,2,8
2766,5,2,8
2767,3,2,1
2768,3,2,18
2769,3,2,8
2770,4,2,2
2771,2,2,2
2772,4,2,18
2773,4,2,3
2774,3,2,2
2775,2,1,5
2776,3,2,15
2777,2,2,5
2778,7,2,14
2779,4,2,8
2780,3,2,18
2781,4,2,5
2782,2,1,5
2783,5,2,18
2784,6,2,21
2785,7,2,14
2786,3,2,5
2787,3,2,5
2788,7,2,2
2789,2,2,5
2790,3,2,21
2791,7,2,8
2792,2,2,5
2793,4,2,8
2794,3,2,3
2795,6,2,14
2796,3,2,15
2797,3,1,8
2798,4,2,21
2799,2,2,1
2800,2,1,5
2801,3,1,4
2802,4,2,21
2803,3,2,8
2804,4,1,1
2805,7,2,20
2806,1,2,11
2807,4,1,12
2808,7,2,17
2809,3,2,8
2810,1,1,11
2811,3,2,20
2812,3,2,18
2813,3,2,21
2814,4,2,8
2815,4,2,18
2816,3,2,8
2817,4,2,13
2818,3,2,13
2819,5,2,15
2820,4,1,1
2821,2,2,21
2822,6,2,8
2823,3,2,5
2824,2,2,5
2825,3,1,21
2826,4,2,13
2827,3,2,18
2828,2,2,5
2829,5,2,21
2830,4,2,8
2831,3,2,1
2832,3,2,18
2833,3,2,16
2834,4,2,2
2835,4,2,21
2836,3,2,13
2837,2,2,1
2838,2,2,2
2839,3,2,18
2840,3,2,1
2841,6,2,13
2842,4,2,18
2843,3,1,5
2844,3,2,21
2845,3,2,5
2846,2,1,5
2847,2,2,5
2848,3,2,1
2849,5,2,12
2850,2,2,21
2851,3,1,8
2852,3,2,13
2853,1,2,2
2854,2,1,5
2855,3,2,5
2856,4,2,12
2857,3,2,1
2858,1,1,11
2859,2,2,2
2860,4,2,18
2861,3,2,16
2862,5,2,8
2863,3,1,3
2864,4,1,4
2865,3,1,7
2866,3,2,8
2867,5,2,18
2868,4,2,13
2869,6,2,18
2870,6,2,19
2871,3,1,15
2872,3,2,21
2873,2,1,5
2874,4,1,21
2875,3,2,3
2876,3,2,18
2877,4,2,2
2878,6,1,21
2879,2,2,5
2880,2,2,13
2881,3,1,13
2882,2,2,21
2883,2,2,21
2884,6,1,4
2885,2,1,2
2886,2,2,5
2887,3,2,4
2888,3,2,15
2889,4,2,4
2890,4,2,8
2891,2,1,5
2892,3,2,5
2893,3,2,2
2894,2,2,5
2895,3,2,12
2896,2,2,15
2897,3,2,6
2898,2,2,5
2899,4,2,15
2900,2,2,13
2901,3,2,18
2902,3,2,13
2903,3,2,17
2904,3,2,5
2905,4,2,18
2906,4,2,20
2907,4,1,6
2908,2,2,3
2909,3,2,8
2910,1,2,20
2911,3,1,5
2912,2,1,5
2913,4,1,21
2914,3,2,5
2915,3,2,8
2916,5,2,3
2917,3,2,1
2918,3,2,13
2919,2,2,18
2920,3,2,3
2921,6,2,2
2922,3,2,18
2923,4,2,13
2924,2,1,5
2925,3,1,5
2926,2,1,3
2927,3,2,13
2928,3,2,3
2929,2,2,3
2930,6,2,18
2931,2,2,5
2932,3,2,13
2933,4,2,12
2934,4,1,21
2935,3,2,1
2936,2,1,5
2937,2,1,5
2938,3,1,1
2939,3,1,16
2940,3,2,1
2941,4,2,13
2942,6,1,2
2943,4,2,13
2944,2,1,5
2945,4,1,18
2946,4,2,17
2947,3,1,1
2948,2,2,15
2949,3,2,18
2950,2,2,1
2951,4,1,15
2952,3,2,5
2953,3,2,21
2954,2,2,3
2955,4,2,15
2956,3,2,13
2957,2,2,5
2958,3,2,8
2959,4,2,18
2960,2,2,5
2961,6,2,18
2962,4,2,4
2963,2,1,5
2964,3,2,18
2965,4,1,5
2966,3,1,5
2967,3,2,1
2968,2,1,1
2969,3,2,8
2970,2,2,5
2971,3,2,5
2972,3,2,5
2973,2,1,5
2974,2,2,5
2975,4,2,12
2976,2,2,21
2977,2,1,5
2978,4,2,21
2979,4,2,3
2980,5,2,8
2981,5,2,7
2982,3,2,5
2983,2,2,5
2984,3,2,5
2985,2,2,5
2986,3,2,5
2987,2,2,5
2988,2,1,7
2989,4,2,13
2990,4,2,13
2991,6,2,2
2992,2,2,5
2993,2,2,20
2994,4,2,6
2995,3,2,16
2996,2,2,1
2997,4,1,17
2998,3,1,2
2999,3,2,8
3000,3,2,5
3001,2,2,5
3002,5,2,12
3003,2,2,16
3004,2,1,5
3005,3,2,18
3006,2,2,5
3007,4,2,1
3008,2,2,5
3009,4,1,4
3010,3,2,13
3011,3,2,2
3012,3,2,13
3013,5,2,18
3014,4,2,8
3015,7,2,7
3016,2,2,13
3017,4,1,10
3018,4,2,1
3019,6,2,13
3020,4,1,8
3021,5,1,16
3022,3,2,18
3023,3,1,8
3024,4,2,18
3025,4,1,1
3026,2,1,5
3027,2,2,5
3028,1,2,11
3029,2,2,5
3030,4,2,2
3031,2,2,5
3032,3,2,1
3033,2,2,5
3034,2,1,2
3035,3,1,8
3036,7,2,14
3037,3,1,3
3038,4,1,3
3039,6,1,4
3040,3,2,9
3041,3,2,5
3042,7,2,2
3043,2,2,3
3044,4,2,17
3045,5,2,2
3046,1,2,5
3047,3,1,5
3048,2,2,3
3049,6,1,1
3050,4,2,13
3051,2,2,18
3052,4,2,13
3053,3,1,4
3054,2,2,5
3055,3,1,4
3056,3,2,19
3057,3,1,13
3058,2,2,13
3059,4,2,1
3060,4,1,2
3061,5,2,3
3062,2,2,5
3063,2,2,5
3064,4,2,18
3065,2,1,5
3066,2,2,5
3067,3,1,1
3068,4,1,10
3069,2,2,5
3070,2,1,5
3071,3,2,2
3072,6,2,2
3073,3,2,1
3074,3,2,1
3075,3,1,12
3076,4,2,18
3077,2,2,5
3078,4,1,2
3079,3,1,2
3080,3,2,21
3081,3,2,8
3082,4,1,7
3083,6,1,1
3084,3,2,17
3085,3,2,5
3086,2,2,13
3087,1,1,2
3088,3,1,5
3089,5,2,17
3090,3,2,3
3091,3,1,1
3092,4,2,16
3093,5,1,21
3094,4,2,1
3095,3,1,4
3096,5,1,4
3097,3,1,6
3098,3,2,5
3099,3,2,18
3100,3,1,7
3101,2,2,16
3102,3,2,13
3103,3,2,21
3104,2,2,18
3105,4,2,13
3106,3,2,1
3107,3,2,18
3108,6,2,7
3109,3,1,12
3110,3,2,1
3111,2,2,5
3112,2,2,13
3113,3,2,11
3114,2,2,6
3115,4,2,18
3116,3,2,13
3117,4,2,1
3118,3,2,1
3119,5,2,2
3120,2,2,5
3121,3,2,3
3122,3,1,8
3123,3,2,3
3124,3,2,13
3125,3,2,8
3126,3,2,3
3127,3,1,1
3128,2,2,3
3129,3,2,8
3130,3,2,8
3131,3,1,3
3132,4,2,8
3133,2,2,5
3134,2,2,5
3135,3,2,16
3136,3,1,5
3137,3,2,12
3138,4,2,18
3139,7,2,14
3140,3,1,5
3141,3,2,15
3142,3,2,21
3143,6,1,17
3144,3,1,8
3145,2,2,5
3146,3,2,1
3147,3,2,15
3148,2,2,21
3149,2,2,5
3150,3,1,4
3151,3,1,1
3152,2,2,5
3153,3,1,5
3154,3,1,5
3155,3,2,8
3156,4,2,8
3157,3,2,13
3158,3,2,16
3159,3,1,16
3160,3,2,18
3161,3,2,8
3162,3,2,2
3163,2,2,16
3164,2,2,13
3165,4,2,8
3166,2,2,5
3167,3,2,3
3168,4,1,6
3169,6,2,1
3170,3,2,1
3171,6,1,4
3172,2,2,13
3173,3,2,13
3174,2,1,15
3175,4,2,17
3176,3,2,18
3177,3,1,7
3178,4,1,6
3179,2,1,21
3180,3,2,15
3181,3,2,13
3182,3,2,13
3183,6,2,8
3184,3,1,19
3185,2,2,8
3186,6,2,2
3187,4,2,13
3188,7,2,14
3189,3,2,17
3190,1,2,18
3191,3,2,13
3192,2,2,5
3193,3,2,1
3194,3,2,16
3195,2,2,5
3196,2,1,5
3197,2,1,15
3198,3,2,13
3199,2,2,1
3200,3,1,2
3201,5,2,8
3202,2,1,5
3203,4,2,1
3204,5,2,17
3205,4,1,17
3206,2,2,21
3207,4,2,8
3208,3,2,15
3209,3,2,1
3210,5,1,1
3211,6,2,17
3212,3,1,18
3213,3,1,2
3214,7,1,8
3215,6,1,14
3216,4,2,2
3217,4,1,1
3218,7,2,7
3219,2,1,5
3220,4,2,8
3221,3,2,1
3222,4,2,8
3223,3,2,21
3224,3,1,15
3225,2,2,1
3226,4,2,5
3227,3,1,15
3228,3,2,15
3229,7,1,2
3230,4,2,17
3231,3,2,8
3232,4,2,13
3233,6,2,3
3234,1,1,1
3235,2,2,5
3236,2,2,16
3237,4,2,8
3238,4,2,8
3239,3,1,13
3240,2,2,5
3241,6,1,1
3242,6,2,14
3243,3,2,13
3244,2,1,5
3245,2,2,3
3246,4,1,2
3247,4,2,16
3248,3,1,8
3249,3,1,5
3250,3,2,5
3251,4,2,18
3252,6,2,1
3253,4,1,5
3254,4,1,7
3255,3,1,16
3256,3,2,16
3257,3,2,15
3258,5,2,7
3259,2,1,5
3260,3,2,5
3261,5,2,21
3262,3,2,15
3263,6,2,12
3264,3,1,2
3265,3,2,16
3266,3,1,5
3267,3,2,5
3268,3,2,13
3269,2,1,21
3270,2,2,12
3271,4,1,1
3272,4,2,1
3273,4,2,8
3274,3,2,21
3275,4,2,8
3276,3,2,21
3277,3,2,18
3278,4,2,8
3279,5,2,16
3280,3,2,8
3281,3,2,18
3282,5,2,4
3283,4,2,17
3284,3,2,7
3285,3,2,5
3286,4,1,8
3287,7,2,14
3288,3,2,15
3289,5,2,7
3290,3,2,15
3291,3,1,8
3292,6,1,7
3293,5,2,15
3294,2,2,5
3295,2,2,19
3296,2,2,15
3297,2,2,5
3298,1,2,11
3299,3,1,5
3300,4,2,6
3301,3,1,3
3302,3,2,18
3303,7,2,18
3304,5,1,6
3305,7,2,21
3306,5,2,15
3307,6,2,7
3308,2,1,21
3309,3,2,18
3310,5,2,15
3311,3,2,5
3312,2,1,5
3313,4,2,21
3314,3,2,8
3315,3,2,13
3316,1,2,20
3317,3,2,5
3318,7,2,14
3319,7,1,14
3320,3,2,2
3321,4,2,2
3322,2,1,5
3323,4,2,15
3324,4,2,18
3325,4,1,15
3326,5,2,8
3327,2,2,13
3328,7,2,20
3329,6,2,19
3330,4,1,2
3331,3,1,8
3332,3,2,8
3333,2,2,17
3334,4,2,1
3335,3,2,1
3336,4,2,18
3337,3,2,5
3338,5,2,17
3339,3,2,18
3340,5,2,17
3341,3,2,21
3342,3,1,6
3343,2,1,5
3344,4,2,1
3345,3,2,8
3346,4,2,8
3347,4,1,8
3348,5,2,17
3349,2,1,5
3350,2,1,1
3351,2,1,6
3352,4,2,1
3353,4,2,18
3354,3,2,8
3355,3,2,2
3356,4,2,8
3357,3,2,19
3358,3,1,2
3359,3,2,21
3360,3,1,1
3361,3,2,5
3362,3,1,1
3363,4,1,10
3364,7,2,14
3365,6,2,18
3366,4,2,15
3367,6,2,17
3368,3,2,15
3369,5,2,19
3370,2,2,5
3371,3,2,3
3372,7,2,14
3373,2,2,17
3374,4,2,6
3375,3,2,5
3376,4,2,17
3377,3,2,18
3378,2,2,5
3379,4,2,2
3380,6,2,1
3381,3,2,1
3382,1,1,11
3383,7,2,17
3384,4,2,8
3385,3,1,10
3386,2,2,5
3387,2,2,2
3388,3,1,2
3389,2,2,1
3390,5,1,21
3391,2,2,5
3392,6,2,7
3393,4,2,13
3394,4,2,8
3395,3,2,8
3396,3,2,13
3397,3,2,6
3398,2,2,21
3399,3,2,5
3400,3,2,15
3401,4,2,8
3402,4,2,21
3403,4,2,6
3404,3,2,9
3405,4,2,15
3406,3,1,8
3407,5,1,6
3408,3,2,18
3409,3,2,5
3410,4,2,2
3411,2,2,5
3412,3,2,19
3413,3,1,18
3414,3,2,18
3415,4,2,8
3416,3,2,13
3417,2,1,3
3418,2,1,4
3419,5,2,2
3420,3,1,8
3421,5,2,8
3422,3,2,6
3423,3,2,8
3424,3,2,7
3425,2,2,21
3426,3,2,21
3427,3,2,15
3428,5,2,2
3429,3,1,8
3430,5,1,2
3431,5,1,7
3432,3,2,13
3433,2,2,13
3434,2,2,5
3435,5,2,2
3436,4,2,1
3437,3,1,1
3438,3,1,1
3439,2,2,18
3440,7,2,18
3441,3,1,15
3442,2,2,13
3443,4,1,18
3444,6,2,15
3445,4,1,21
3446,3,2,8
3447,3,2,13
3448,2,1,4
3449,3,2,15
3450,3,2,6
3451,3,1,12
3452,3,2,15
3453,4,2,8
3454,2,2,1
3455,3,1,1
3456,3,2,18
3457,3,2,21
3458,5,2,1
3459,2,2,5
3460,1,2,5
3461,4,2,1
3462,3,1,5
3463,3,2,16
3464,3,1,15
3465,3,2,15
3466,3,2,15
3467,3,2,15
3468,3,2,21
3469,5,2,18
3470,4,2,18
3471,2,2,5
3472,3,2,7
3473,4,1,17
3474,4,2,12
3475,3,2,15
3476,6,2,1
3477,6,1,2
3478,3,2,8
3479,2,2,5
3480,3,2,1
3481,2,2,5
3482,6,2,18
3483,5,1,8
3484,2,2,5
3485,3,2,1
3486,2,1,1
3487,2,2,5
3488,5,2,18
3489,2,2,5
3490,3,2,1
3491,3,2,17
3492,4,2,8
3493,3,2,18
3494,3,2,2
3495,2,2,5
3496,4,2,6
3497,4,1,3
3498,3,2,18
3499,3,2,4
3500,4,2,8
3501,4,1,8
3502,2,1,8
3503,2,2,5
3504,2,2,8
3505,3,1,16
3506,2,2,13
3507,3,2,1
3508,2,2,5
3509,2,2,5
3510,2,1,5
3511,6,2,1
3512,2,2,18
3513,3,2,17
3514,2,2,13
3515,4,2,4
3516,2,2,5
3517,2,2,13
3518,2,1,8
3519,3,1,15
3520,3,2,1
3521,3,2,1
3522,2,2,1
3523,4,2,8
3524,3,1,1
3525,2,1,5
3526,4,2,3
3527,3,2,1
3528,4,2,6
3529,5,1,2
3530,3,2,1
3531,3,1,12
3532,4,1,15
3533,3,2,3
3534,4,2,18
3535,5,2,19
3536,2,2,5
3537,1,2,11
3538,4,2,1
3539,3,1,5
3540,2,2,18
3541,3,2,4
3542,3,2,16
3543,3,2,18
3544,3,1,5
3545,4,2,13
3546,3,2,21
3547,4,2,17
3548,5,2,8
3549,4,1,8
3550,3,2,6
3551,7,1,1
3552,4,1,3
3553,4,2,17
3554,3,2,16
3555,7,2,8
3556,3,2,18
3557,2,2,6
3558,2,2,18
3559,2,2,5
3560,3,1,7
3561,4,2,15
3562,3,1,7
3563,3,2,3
3564,3,2,12
3565,3,2,19
3566,5,2,1
3567,3,2,15
3568,3,2,1
3569,2,1,3
3570,4,2,13
3571,2,2,5
3572,4,2,12
3573,1,2,11
3574,4,1,7
3575,3,2,19
3576,6,2,8
3577,7,1,1
3578,6,2,4
3579,2,2,1
3580,2,1,4
3581,2,2,2
3582,4,1,1
3583,3,1,10
3584,2,2,1
3585,4,2,21
3586,4,2,21
3587,4,2,4
3588,3,2,3
3589,5,1,1
3590,2,1,16
3591,4,2,7
3592,7,1,3
3593,3,1,10
3594,1,2,1
3595,3,2,1
3596,4,1,5
3597,3,2,18
3598,7,2,2
3599,3,2,17
3600,4,2,21
3601,4,1,4
3602,3,2,13
3603,4,1,8
3604,1,1,11
3605,2,2,13
3606,3,1,16
3607,4,2,18
3608,4,1,10
3609,3,1,18
3610,2,2,7
3611,3,2,3
3612,3,2,15
3613,3,2,1
3614,3,2,1
3615,3,2,18
3616,5,2,1
3617,4,2,8
3618,7,2,18
3619,6,2,17
3620,3,2,8
3621,2,2,5
3622,2,2,2
3623,4,2,12
3624,3,2,13
3625,2,2,11
3626,3,2,18
3627,4,1,2
3628,3,2,8
3629,6,1,8
3630,2,2,5
3631,2,2,5
3632,6,2,12
3633,4,2,19
3634,6,2,2
3635,6,2,2
3636,3,2,1
3637,3,2,7
3638,3,2,3
3639,2,2,5
3640,4,2,8
3641,3,2,1
3642,3,1,8
3643,3,2,18
3644,3,1,12
3645,4,2,18
3646,4,2,21
3647,3,2,8
3648,2,2,5
3649,3,1,1
3650,3,2,1
3651,3,2,15
3652,3,2,13
3653,2,2,16
3654,3,2,18
3655,3,1,8
3656,5,1,6
3657,2,2,18
3658,3,1,8
3659,2,2,5
3660,4,2,8
3661,4,2,13
3662,4,2,17
3663,4,1,10
3664,4,1,2
3665,3,2,1
3666,5,2,1
3667,1,1,11
3668,5,1,8
3669,3,2,15
3670,5,2,15
3671,3,2,5
3672,4,2,6
3673,3,2,3
3674,3,2,21
3675,4,2,8
3676,4,1,13
3677,3,1,13
3678,3,2,1
3679,3,2,5
3680,3,1,2
3681,3,2,8
3682,6,1,2
3683,3,2,3
3684,3,2,18
3685,3,2,6
3686,3,2,8
3687,6,1,2
3688,2,2,7
3689,3,2,1
3690,2,2,1
3691,3,2,8
3692,4,2,18
3693,3,2,16
3694,3,2,13
3695,3,2,3
3696,4,2,8
3697,3,2,16
3698,3,2,8
3699,7,1,4
3700,3,2,15
3701,4,2,2
3702,4,2,16
3703,2,2,13
3704,4,1,1
3705,5,2,8
3706,3,2,13
3707,2,1,1
3708,7,2,8
3709,3,2,13
3710,1,2,11
3711,4,2,1
3712,3,2,18
3713,3,1,8
3714,3,2,18
3715,2,2,6
3716,2,2,13
3717,4,2,18
3718,6,2,18
3719,3,2,2
3720,5,2,8
3721,3,2,16
3722,3,2,19
3723,3,2,15
3724,4,2,7
3725,2,2,5
3726,3,2,18
3727,4,2,8
3728,2,2,5
3729,2,2,5
3730,3,2,2
3731,3,2,18
3732,3,2,18
3733,2,2,5
3734,2,2,5
3735,3,2,1
3736,4,2,2
3737,3,2,15
3738,5,2,8
3739,7,2,12
3740,2,2,6
3741,3,2,1
3742,3,2,1
3743,4,1,8
3744,3,2,1
3745,3,1,10
3746,3,2,6
3747,5,2,14
3748,2,2,5
3749,3,1,1
3750,2,1,5
3751,4,1,13
3752,2,1,2
3753,3,2,8
3754,7,2,8
3755,6,1,15
3756,2,2,13
3757,3,2,8
3758,4,1,6
3759,4,2,7
3760,6,2,1
3761,3,2,18
3762,6,2,7
3763,3,2,3
3764,3,2,2
3765,6,1,4
3766,2,1,2
3767,3,2,1
3768,3,2,5
3769,3,2,16
3770,4,1,4
3771,3,2,2
3772,4,2,18
3773,4,2,7
3774,3,2,1
3775,4,2,13
3776,3,1,5
3777,2,2,5
3778,3,2,1
3779,5,1,3
3780,1,2,1
3781,7,1,12
3782,3,1,1
3783,3,2,8
3784,3,1,2
3785,3,1,21
3786,3,1,1
3787,3,1,1
3788,2,1,1
3789,3,1,1
3790,3,1,18
3791,6,2,19
3792,3,2,7
3793,2,2,5
3794,2,1,5
3795,2,1,5
3796,5,2,15
3797,3,2,8
3798,3,2,8
3799,2,2,1
3800,2,2,2
3801,2,2,13
3802,2,2,1
3803,4,1,10
3804,3,2,7
3805,4,1,2
3806,2,2,5
3807,4,1,20
3808,3,2,8
3809,4,2,7
3810,6,2,8
3811,3,2,16
3812,4,2,18
3813,4,2,8
3814,3,2,16
3815,3,2,18
3816,3,1,4
3817,4,2,4
3818,5,2,18
3819,3,2,13
3820,3,2,18
3821,3,2,21
3822,5,2,21
3823,7,2,8
3824,3,2,18
3825,2,2,2
3826,3,2,2
3827,6,2,3
3828,3,2,21
3829,3,1,2
3830,2,2,5
3831,2,1,7
3832,3,1,8
3833,3,2,2
3834,2,2,3
3835,3,2,8
3836,6,1,9
3837,3,2,18
3838,3,1,15
3839,6,2,15
3840,3,1,1
3841,5,2,19
3842,4,1,17
3843,1,1,11
3844,2,2,5
3845,3,2,13
3846,4,2,1
3847,3,2,8
3848,3,2,16
3849,4,2,1
3850,2,2,4
3851,3,2,13
3852,6,2,17
3853,3,2,15
3854,3,2,15
3855,3,2,18
3856,4,1,21
3857,2,2,15
3858,5,1,10
3859,3,2,1
3860,5,2,18
3861,2,2,5
3862,3,2,18
3863,3,2,1
3864,6,2,21
3865,1,1,11
3866,5,2,15
3867,4,2,4
3868,2,2,13
3869,2,2,18
3870,3,2,18
3871,2,2,5
3872,3,2,2
3873,5,1,3
3874,3,2,8
3875,3,2,1
3876,3,2,1
3877,5,2,2
3878,4,2,17
3879,3,2,4
3880,3,2,8
3881,2,2,3
3882,7,2,15
3883,6,2,17
3884,2,2,5
3885,3,2,13
3886,4,2,8
3887,2,2,5
3888,5,2,18
3889,5,2,7
3890,2,2,5
3891,7,1,17
3892,3,2,21
3893,3,2,7
3894,4,2,17
3895,4,1,1
3896,4,2,1
3897,7,2,18
3898,5,2,12
3899,3,2,18
3900,3,1,15
3901,2,2,15
3902,3,2,6
3903,3,2,1
3904,1,2,11
3905,3,2,18
3906,6,2,18
3907,2,1,15
3908,3,2,1
3909,2,2,18
3910,3,2,21
3911,2,2,1
3912,3,2,5
3913,2,2,18
3914,4,2,5
3915,4,1,4
3916,3,2,5
3917,4,1,10
3918,3,2,19
3919,5,2,1
3920,4,2,18
3921,3,2,15
3922,2,2,5
3923,4,2,3
3924,6,2,13
3925,3,2,13
3926,3,2,3
3927,3,1,17
3928,3,2,1
3929,3,2,6
3930,7,2,4
3931,3,2,6
3932,3,2,8
3933,4,1,7
3934,3,2,1
3935,4,2,19
3936,4,1,13
3937,7,2,3
3938,3,2,3
3939,5,2,8
3940,4,2,21
3941,5,2,18
3942,2,2,5
3943,4,1,8
3944,4,1,17
3945,5,1,2
3946,3,1,13
3947,3,2,1
3948,5,1,13
3949,5,2,1
3950,3,2,5
3951,2,1,5
3952,5,1,2
3953,3,2,13
3954,2,2,5
3955,4,2,1
3956,3,2,1
3957,4,2,12
3958,5,2,8
3959,5,1,2
3960,4,1,15
3961,3,2,2
3962,7,1,1
3963,6,2,21
3964,7,2,17
3965,2,2,12
3966,3,2,1
3967,2,1,3
3968,3,2,3
3969,7,2,8
3970,3,1,3
3971,2,1,5
3972,3,1,7
3973,3,2,8
3974,4,2,1
3975,3,1,6
3976,3,1,1
3977,4,2,15
3978,4,2,14
3979,6,1,10
3980,3,2,5
3981,5,1,1
3982,7,2,14
3983,3,2,1
3984,3,2,8
3985,5,2,17
3986,3,2,8
3987,2,1,5
3988,3,1,15
3989,6,2,13
3990,3,2,17
3991,3,2,8
3992,3,2,5
3993,3,2,1
3994,6,2,8
3995,4,2,18
3996,2,2,15
3997,4,2,18
3998,5,2,1
3999,4,2,18
4000,4,2,8
4001,3,1,2
4002,5,2,17
4003,7,2,14
4004,6,2,1
4005,4,2,8
4006,1,2,8
4007,4,2,13
4008,2,2,2
4009,2,2,8
4010,3,2,15
4011,3,2,18
4012,2,2,5
4013,3,2,2
4014,3,2,1
4015,5,1,4
4016,6,2,1
4017,3,2,15
4018,5,1,21
4019,4,2,18
4020,3,2,7
4021,6,2,21
4022,4,2,15
4023,4,1,10
4024,3,2,6
4025,7,1,7
4026,3,2,8
4027,3,1,8
4028,3,2,5
4029,7,1,4
4030,4,2,8
4031,3,2,1
4032,3,2,13
4033,3,2,7
4034,3,2,1
4035,2,2,5
4036,3,2,2
4037,6,2,17
4038,6,2,7
4039,3,2,17
4040,3,2,21
4041,2,2,4
4042,4,2,16
4043,3,1,16
4044,4,1,4
4045,7,2,14
4046,5,2,18
4047,2,2,5
4048,4,1,2
4049,5,2,12
4050,4,2,7
4051,2,2,15
4052,3,2,3
4053,3,2,19
4054,4,2,4
4055,6,2,1
4056,1,2,11
4057,4,2,7
4058,3,2,7
4059,3,2,15
4060,3,2,19
4061,6,2,7
4062,3,2,8
4063,4,1,2
4064,5,2,1
4065,5,1,6
4066,3,2,1
4067,5,2,21
4068,7,2,4
4069,4,2,16
4070,3,2,16
4071,3,2,18
4072,6,2,7
4073,3,2,7
4074,4,2,7
4075,3,2,17
4076,3,2,18
4077,4,1,3
4078,3,2,16
4079,4,2,18
4080,4,2,2
4081,2,2,13
4082,3,2,21
4083,7,2,15
4084,7,2,14
4085,3,1,7
4086,1,1,11
4087,1,2,5
4088,3,2,4
4089,3,2,8
4090,7,2,7
4091,3,2,18
4092,3,1,1
4093,3,2,5
4094,3,2,18
4095,3,2,1
4096,3,2,16
4097,3,2,8
4098,4,2,8
4099,4,2,18
4100,7,2,7
4101,2,2,5
4102,1,2,11
4103,2,2,17
4104,2,2,17
4105,6,2,8
4106,3,2,17
4107,3,1,1
4108,4,2,18
4109,4,2,4
4110,5,1,8
4111,3,2,16
4112,5,2,19
4113,4,2,18
4114,4,2,15
4115,3,2,16
4116,4,2,8
4117,2,2,5
4118,3,2,4
4119,6,2,2
4120,3,2,17
4121,5,2,8
4122,2,2,20
4123,3,1,5
4124,3,2,19
4125,4,2,3
4126,3,2,18
4127,6,2,18
4128,4,2,7
4129,7,2,12
4130,4,2,7
4131,5,2,8
4132,3,2,18
4133,5,2,5
4134,5,1,13
4135,1,2,11
4136,6,2,17
4137,3,2,8
4138,3,2,8
4139,7,2,15
4140,3,2,1
4141,4,2,18
4142,7,2,8
4143,3,1,6
4144,2,2,5
4145,6,1,2
4146,4,2,18
4147,6,1,8
4148,4,1,8
4149,4,2,2
4150,3,2,1
4151,5,2,21
4152,3,2,15
4153,6,2,18
4154,3,2,2
4155,6,2,18
4156,7,2,21
4157,6,2,19
4158,1,1,11
4159,6,1,10
4160,4,2,21
4161,5,2,1
4162,3,1,15
4163,7,2,8
4164,4,2,2
4165,3,1,15
4166,3,1,8
4167,3,2,21
4168,5,1,7
4169,6,2,1
4170,5,2,8
4171,7,2,17
4172,4,2,8
4173,2,1,12
4174,4,1,4
4175,4,2,1
4176,5,2,8
4177,4,2,18
4178,6,1,17
4179,4,1,21
4180,7,2,14
4181,3,1,8
4182,3,2,19
4183,3,2,2
4184,6,2,8
4185,3,2,15
4186,3,2,8
4187,7,1,21
4188,6,2,8
4189,4,2,15
4190,5,2,18
4191,5,1,16
4192,4,2,18
4193,7,2,14
4194,2,2,5
4195,7,1,14
4196,4,2,15
4197,5,1,2
4198,2,2,5
4199,3,1,10
4200,5,2,8
4201,3,1,1
4202,3,2,8
4203,3,2,19
4204,4,2,8
4205,3,1,16
4206,4,1,2
4207,4,2,2
4208,4,1,1
4209,7,2,1
4210,3,2,18
4211,5,2,6
4212,7,2,19
4213,4,2,8
4214,3,1,1
4215,3,2,8
4216,3,2,18
4217,2,2,5
4218,6,2,18
4219,4,2,18
4220,4,2,1
4221,4,2,5
4222,5,1,18
4223,4,1,18
4224,5,1,2
4225,3,1,4
4226,4,1,7
4227,3,2,20
4228,6,2,19
4229,4,2,18
4230,7,2,14
4231,6,1,19
4232,4,1,21
4233,4,2,5
4234,5,1,4
4235,6,2,3
4236,3,1,4
4237,3,2,15
4238,4,2,17
4239,6,2,8
4240,4,2,18
4241,4,2,8
4242,6,2,8
4243,7,2,8
4244,4,2,18
4245,6,2,13
4246,4,1,8
4247,3,2,5
4248,3,2,5
4249,2,1,18
4250,6,1,1
4251,5,2,8
4252,4,1,4
4253,5,2,12
4254,3,2,18
4255,6,2,13
4256,1,1,3
4257,6,2,17
4258,3,2,18
4259,4,2,18
4260,3,2,17
4261,4,1,7
4262,4,1,7
4263,3,2,8
4264,5,2,2
4265,3,2,13
4266,7,2,14
4267,4,2,8
4268,5,1,21
4269,4,2,19
4270,5,2,8
4271,4,2,8
4272,5,2,18
4273,5,2,14
4274,5,1,2
4275,5,1,17
4276,5,1,1
4277,4,2,17
4278,5,1,8
4279,3,2,17
4280,4,2,18
4281,7,2,14
4282,4,2,1
4283,3,1,10
4284,6,2,8
4285,4,2,1
4286,4,2,18
4287,3,2,8
4288,3,1,10
4289,4,2,15
4290,3,2,18
4291,4,2,15
4292,3,2,1
4293,5,1,10
4294,1,2,11
4295,2,2,19
4296,7,2,7
4297,5,2,16
4298,2,1,15
4299,3,1,3
4300,2,1,5
4301,4,2,12
4302,6,2,2
4303,3,2,3
4304,2,2,1
4305,5,1,18
4306,5,2,8
4307,3,2,1
4308,3,2,1
4309,3,2,1
4310,3,2,5
4311,6,2,14
4312,3,2,19
4313,3,1,8
4314,3,2,18
4315,2,2,5
4316,3,2,7
4317,4,1,15
4318,3,2,6
4319,4,2,8
4320,3,2,6
4321,5,2,8
4322,6,1,7
4323,2,2,5
4324,3,2,6
4325,3,2,1
4326,5,1,14
4327,4,2,18
4328,6,2,4
4329,3,1,15
4330,5,1,7
4331,4,2,7
4332,3,1,4
4333,6,2,3
4334,3,2,2
4335,4,2,1
4336,3,1,1
4337,2,2,21
4338,2,1,6
4339,3,2,3
4340,3,1,18
4341,4,2,18
4342,3,2,1
4343,3,2,13
4344,3,2,2
4345,3,1,15
4346,2,2,18
4347,2,1,21
4348,5,2,1
4349,2,2,3
4350,2,2,3
4351,3,2,13
4352,2,2,5
4353,3,2,8
4354,4,2,15
4355,6,2,15
4356,4,2,17
4357,4,1,10
4358,4,2,18
4359,2,2,5
4360,3,1,10
4361,4,2,16
4362,3,2,18
4363,4,2,15
4364,3,2,19
4365,6,1,17
4366,2,2,16
4367,4,2,1
4368,2,2,18
4369,6,2,8
4370,3,2,17
4371,2,1,5
4372,4,2,18
4373,6,2,13
4374,2,2,5
4375,3,1,6
4376,3,1,6
4377,3,2,1
4378,2,2,18
4379,3,2,5
4380,3,1,2
4381,3,2,5
4382,3,2,19
4383,2,1,5
4384,3,2,1
4385,3,2,5
4386,3,2,6
4387,2,1,5
4388,5,2,4
4389,3,2,5
4390,3,2,1
4391,2,1,5
4392,2,2,5
4393,2,2,5
4394,3,2,5
4395,6,2,7
4396,2,2,2
4397,2,2,5
4398,2,1,5
4399,2,1,5
4400,2,1,5
4401,2,2,5
4402,2,1,15
4403,3,2,16
4404,3,2,2
4405,3,2,15
4406,3,2,17
4407,2,2,5
4408,5,1,3
4409,3,2,15
4410,2,2,20
4411,2,2,5
4412,2,2,5
4413,1,2,14
4414,3,2,5
4415,2,2,1
4416,2,2,5
4417,3,2,16
4418,6,1,1
4419,5,1,13
4420,3,2,16
4421,5,2,1
4422,3,2,6
4423,2,2,5
4424,3,2,8
4425,4,2,8
4426,5,2,18
4427,2,2,1
4428,3,2,15
4429,3,2,6
4430,3,1,1
4431,1,2,15
4432,3,2,13
4433,3,2,1
4434,4,1,8
4435,3,2,8
4436,3,2,13
4437,4,1,6
4438,6,2,1
4439,4,2,7
4440,4,2,2
4441,2,2,5
4442,6,2,16
4443,7,2,3
4444,3,1,13
4445,3,2,4
4446,2,2,19
4447,5,2,6
4448,3,2,15
4449,3,2,13
4450,3,2,16
4451,3,2,15
4452,3,1,8
4453,4,2,1
4454,3,2,21
4455,4,2,8
4456,4,1,3
4457,4,2,15
4458,3,1,5
4459,3,2,2
4460,3,2,15
4461,3,2,21
4462,3,1,1
4463,6,2,8
4464,6,1,2
4465,2,2,5
4466,4,2,12
4467,6,1,7
4468,4,1,8
4469,5,1,13
4470,4,2,13
4471,3,2,7
4472,5,1,17
4473,4,2,2
4474,4,2,8
4475,2,2,5
4476,5,2,2
4477,3,2,8
4478,1,2,13
4479,6,2,14
4480,3,2,1
4481,3,2,19
4482,4,1,2
4483,3,1,7
4484,3,1,18
4485,3,2,5
4486,4,2,9
4487,3,2,8
4488,4,2,8
4489,2,2,5
4490,4,2,6
4491,2,2,5
4492,7,2,14
4493,1,1,11
4494,5,2,1
4495,2,2,5
4496,5,2,3
4497,6,2,1
4498,6,2,8
4499,3,2,7
4500,6,2,8
4501,3,2,18
4502,6,2,1
4503,7,2,2
4504,3,1,1
4505,6,2,8
4506,6,2,17
4507,2,2,5
4508,3,2,21
4509,3,2,8
4510,5,2,8
4511,4,2,8
4512,3,2,2
4513,7,2,1
4514,2,2,4
4515,7,2,14
4516,2,2,5
4517,2,1,2
4518,3,2,1
4519,6,2,8
4520,3,2,5
4521,4,2,13
4522,5,2,2
4523,2,2,3
4524,3,2,3
4525,3,2,15
4526,3,2,21
4527,2,2,1
4528,3,2,15
4529,4,2,7
4530,4,1,2
4531,2,2,5
4532,3,2,8
4533,3,2,13
4534,2,2,5
4535,2,2,20
4536,2,2,13
4537,5,1,2
4538,3,2,13
4539,4,2,20
4540,3,1,15
4541,1,2,11
4542,4,2,1
4543,3,2,3
4544,7,2,2
4545,3,2,17
4546,3,2,8
4547,2,2,13
4548,2,2,3
4549,1,1,11
4550,2,2,17
4551,2,2,13
4552,3,2,1
4553,4,1,17
4554,3,1,10
4555,2,1,10
4556,5,2,17
4557,3,2,15
4558,4,2,15
4559,3,2,8
4560,3,2,1
4561,3,1,10
4562,4,2,11
4563,3,1,7
4564,4,2,13
4565,4,2,15
4566,4,2,18
4567,2,2,5
4568,3,1,5
4569,3,2,1
4570,5,2,18
4571,4,2,8
4572,1,1,11
4573,6,2,17
4574,3,2,5
4575,1,1,11
4576,3,1,8
4577,4,2,8
4578,3,2,1
4579,2,1,5
4580,7,1,14
4581,3,2,2
4582,3,1,1
4583,6,2,2
4584,5,1,1
4585,4,2,8
4586,3,2,5
4587,4,2,15
4588,3,1,5
4589,3,2,18
4590,2,1,21
4591,3,2,16
4592,2,2,5
4593,5,1,2
4594,4,2,17
4595,3,2,19
4596,2,1,5
4597,3,1,5
4598,4,1,4
4599,4,1,1
4600,3,2,1
4601,4,2,15
4602,4,2,8
4603,4,1,3
4604,3,2,16
4605,3,2,16
4606,1,1,11
4607,3,2,1
4608,3,1,1
4609,3,1,5
4610,3,1,5
4611,2,1,5
4612,2,1,5
4613,3,2,13
4614,5,1,2
4615,3,2,18
4616,3,2,21
4617,3,1,7
4618,3,2,15
4619,3,1,2
4620,2,1,18
4621,3,2,5
4622,3,2,13
4623,3,2,17
4624,3,2,13
4625,3,2,8
4626,3,2,15
4627,7,2,2
4628,7,1,7
4629,2,1,5
4630,3,1,5
4631,2,2,5
4632,3,2,1
4633,1,2,1
4634,6,2,21
4635,2,2,5
4636,2,2,3
4637,4,1,10
4638,3,2,5
4639,4,2,12
4640,3,2,5
4641,3,2,8
4642,3,2,1
4643,3,2,1
4644,6,2,2
4645,6,1,7
4646,3,1,7
4647,4,2,21
4648,2,2,5
4649,7,2,14
4650,3,2,8
4651,5,1,1
4652,3,1,8
4653,4,2,13
4654,4,2,21
4655,3,1,2
4656,3,2,18
4657,5,2,15
4658,3,2,5
4659,3,1,15
4660,2,1,5
4661,5,2,16
4662,2,1,5
4663,3,2,5
4664,5,1,8
4665,4,2,3
4666,4,2,2
4667,3,2,15
4668,4,2,15
4669,4,2,8
4670,4,2,6
4671,3,2,13
4672,7,2,14
4673,4,2,17
4674,4,1,8
4675,2,1,5
4676,5,2,15
4677,6,2,7
4678,4,2,3
4679,7,2,14
4680,4,2,1
4681,4,1,16
4682,3,2,8
4683,3,2,1
4684,3,1,1
4685,4,2,2
4686,2,2,2
4687,4,2,15
4688,3,2,10
4689,2,2,13
4690,1,1,11
4691,5,1,18
4692,3,1,8
4693,2,2,2
4694,7,2,8
4695,2,2,19
4696,2,2,13
4697,2,2,11
4698,3,1,7
4699,2,1,1
4700,2,1,5
4701,5,2,18
4702,3,2,12
4703,3,2,8
4704,2,2,21
4705,2,1,1
4706,3,2,15
4707,1,2,1
4708,3,2,1
4709,5,2,1
4710,4,1,17
4711,3,2,18
4712,4,2,18
4713,3,2,18
4714,6,2,2
4715,3,2,3
4716,3,1,17
4717,5,2,18
4718,4,2,8
4719,4,1,10
4720,3,2,3
4721,4,2,12
4722,4,2,13
4723,4,2,8
4724,7,1,7
4725,4,2,6
4726,4,1,17
4727,7,1,1
4728,3,2,20
4729,6,2,17
4730,6,2,12
4731,3,2,18
4732,3,2,15
4733,2,2,19
4734,6,2,2
4735,5,2,4
4736,2,2,21
4737,4,2,17
4738,7,2,2
4739,3,2,4
4740,3,1,4
4741,4,2,8
4742,3,2,4
4743,7,2,14
4744,6,2,16
4745,2,1,5
4746,6,2,2
4747,2,2,5
4748,5,2,17
4749,5,2,1
4750,3,1,1
4751,6,2,16
4752,2,1,5
4753,7,2,2
4754,2,1,1
4755,7,1,8
4756,7,2,17
4757,4,2,18
4758,7,1,14
4759,6,1,1
4760,4,2,18
4761,2,2,16
4762,3,1,15
4763,7,2,12
4764,1,2,11
4765,4,1,17
4766,4,2,17
4767,4,1,10
4768,3,2,5
4769,3,2,2
4770,4,1,8
4771,3,1,5
4772,7,2,18
4773,5,2,2
4774,5,2,15
4775,3,2,18
4776,3,1,4
4777,3,2,3
4778,3,2,1
4779,5,2,4
4780,3,2,13
4781,6,1,7
4782,5,2,2
4783,3,2,1
4784,4,1,7
4785,3,1,15
4786,5,2,7
4787,1,2,12
4788,4,2,8
4789,4,2,3
4790,3,1,3
4791,2,2,5
4792,6,1,8
4793,3,1,7
4794,4,1,1
4795,5,2,17
4796,4,2,8
4797,4,1,18
4798,3,2,2
4799,2,1,5
4800,2,2,5
4801,3,2,5
4802,7,2,2
4803,3,1,17
4804,4,1,2
4805,4,2,2
4806,3,2,18
4807,1,2,3
4808,4,2,1
4809,6,1,5
4810,2,2,13
4811,4,2,2
4812,2,2,15
4813,4,1,10
4814,2,2,15
4815,6,1,19
4816,5,1,7
4817,3,2,2
4818,3,1,18
4819,4,2,19
4820,6,2,12
4821,2,2,20
4822,4,1,1
4823,2,2,5
4824,3,2,8
4825,3,2,18
4826,5,2,13
4827,4,2,1
4828,2,1,21
4829,3,2,1
4830,1,2,11
4831,3,1,2
4832,3,2,15
4833,4,2,17
4834,5,1,10
4835,3,2,21
4836,5,1,17
4837,3,2,6
4838,5,2,2
4839,6,1,7
4840,5,1,7
4841,3,2,13
4842,4,1,2
4843,7,2,2
4844,5,2,8
4845,3,1,2
4846,3,1,3
4847,3,2,13
4848,4,1,7
4849,2,1,5
4850,5,1,4
4851,2,2,18
4852,4,2,1
4853,3,2,8
4854,6,1,14
4855,3,2,13
4856,3,2,8
4857,3,2,15
4858,3,2,2
4859,2,1,15
4860,3,2,3
4861,3,2,5
4862,3,2,1
4863,3,1,10
4864,2,2,21
4865,4,1,15
4866,7,2,13
4867,3,2,17
4868,4,2,18
4869,5,1,7
4870,4,1,4
4871,2,2,13
4872,5,2,2
4873,7,2,12
4874,3,1,5
4875,4,2,1
4876,4,1,18
4877,3,2,5
4878,6,2,5
4879,3,2,4
4880,5,1,10
4881,5,2,17
4882,5,2,12
4883,1,1,11
4884,4,2,15
4885,7,2,2
4886,4,1,18
4887,2,2,3
4888,7,1,1
4889,2,2,5
4890,3,1,2
4891,4,2,18
4892,3,2,13
4893,3,2,18
4894,4,2,8
4895,3,1,4
4896,4,2,7
4897,4,2,17
4898,3,2,2
4899,3,2,13
4900,3,2,21
4901,3,2,8
4902,4,2,15
4903,4,2,13
4904,6,2,16
4905,5,1,2
4906,6,2,18
4907,6,1,8
4908,4,2,16
4909,4,1,13
4910,2,2,13
4911,3,1,1
4912,6,1,21
4913,3,1,2
4914,3,1,2
4915,3,2,13
4916,2,2,21
4917,5,2,1
4918,2,1,13
4919,2,2,1
4920,4,2,2
4921,3,1,16
4922,2,2,18
4923,5,2,19
4924,4,1,1
4925,4,1,7
4926,1,2,11
4927,5,2,1
4928,3,1,4
4929,5,2,2
4930,6,2,18
4931,6,2,18
4932,3,2,8
4933,3,2,16
4934,3,1,1
4935,4,2,18
4936,2,1,5
4937,4,2,1
4938,2,1,5
4939,3,2,8
4940,6,1,12
4941,7,2,21
4942,5,2,13
4943,6,1,1
4944,6,2,18
4945,6,2,1
4946,4,1,2
4947,4,2,18
4948,5,2,3
4949,2,2,5
4950,3,2,17
4951,4,1,18
4952,3,1,15
4953,4,2,13
4954,5,2,1
4955,7,2,14
4956,4,2,16
4957,3,2,3
4958,2,2,8
4959,3,2,18
4960,7,2,2
4961,3,2,8
4962,3,2,7
4963,5,2,18
4964,4,2,1
4965,1,2,11
4966,6,2,15
4967,2,2,5
4968,6,1,21
4969,2,2,20
4970,3,1,13
4971,4,2,8
4972,4,2,1
4973,7,1,3
4974,4,2,21
4975,4,2,1
4976,3,2,12
4977,3,2,5
4978,4,2,15
4979,4,2,3
4980,3,2,2
4981,6,2,2
4982,3,2,13
4983,5,1,17
4984,4,2,1
4985,4,2,1
4986,2,2,13
4987,7,1,9
4988,3,2,18
4989,3,2,1
4990,3,1,5
4991,7,1,15
4992,3,1,3
4993,5,2,18
4994,5,2,18
4995,6,2,21
4996,4,2,8
4997,1,2,11
4998,2,1,5
4999,7,1,14
5000,3,2,5
5001,3,1,3
5002,3,2,18
5003,4,2,13
5004,7,1,2
5005,5,2,17
5006,4,2,4
5007,2,1,5
5008,3,2,21
5009,5,1,17
5010,5,2,16
5011,2,2,5
5012,6,2,16
5013,2,2,5
5014,5,2,1
5015,4,2,7
5016,4,1,2
5017,4,2,13
5018,7,1,13
5019,3,2,8
5020,7,1,14
5021,6,2,7
5022,4,2,8
5023,4,2,21
5024,5,1,2
5025,3,2,21
5026,3,2,18
5027,3,1,15
5028,3,2,13
5029,3,2,5
5030,2,2,2
5031,3,1,5
5032,2,2,18
5033,7,1,14
5034,3,1,16
5035,3,1,18
5036,4,2,8
5037,4,2,13
5038,3,2,21
5039,4,1,5
5040,5,2,13
5041,5,1,7
5042,2,1,3
5043,2,1,7
5044,4,1,7
5045,4,2,1
5046,3,2,17
5047,5,2,7
5048,4,1,8
5049,3,2,13
5050,2,1,5
5051,6,1,8
5052,4,2,17
5053,3,2,5
5054,4,2,3
5055,4,1,17
5056,5,2,2
5057,6,2,8
5058,7,2,18
5059,5,2,17
5060,5,2,18
5061,2,1,20
5062,6,2,17
5063,1,1,11
5064,2,2,5
5065,3,2,15
5066,3,1,2
5067,7,2,14
5068,4,2,8
5069,7,1,1
5070,3,2,3
5071,3,1,8
5072,5,2,18
5073,7,2,3
5074,1,2,1
5075,6,2,7
5076,3,2,4
5077,3,2,3
5078,5,2,8
5079,3,2,5
5080,6,1,13
5081,2,1,5
5082,4,2,2
5083,3,2,5
5084,2,2,5
5085,7,2,18
5086,3,2,2
5087,3,1,7
5088,3,2,18
5089,4,1,17
5090,4,1,20
5091,3,2,18
5092,7,2,15
5093,6,2,8
5094,2,2,11
5095,4,1,2
5096,3,2,12
5097,7,2,17
5098,6,2,8
5099,2,2,1
5100,6,2,7
5101,3,2,1
5102,3,2,13
5103,4,1,17
5104,4,2,21
5105,6,2,8
5106,4,1,2
5107,5,1,1
5108,3,1,10
5109,5,1,7
5110,4,2,16
5111,4,2,3
5112,4,2,14
5113,3,2,1
5114,1,1,11
5115,7,2,13
5116,4,2,7
5117,3,1,1
5118,1,2,11
5119,3,1,1
5120,6,2,8
5121,3,2,8
5122,3,2,1
5123,6,2,13
5124,4,2,3
5125,5,2,1
5126,3,2,12
5127,5,2,6
5128,6,2,8
5129,5,2,18
5130,6,1,2
5131,3,1,2
5132,4,2,8
5133,2,2,12
5134,3,2,18
5135,4,2,8
5136,3,2,13
5137,2,2,19
5138,3,2,18
5139,6,2,17
5140,3,2,7
5141,2,2,18
5142,3,2,2
5143,2,2,5
5144,6,1,1
5145,4,2,8
5146,7,2,2
5147,2,2,1
5148,3,2,21
5149,4,2,2
5150,3,2,4
5151,2,2,20
5152,3,1,5
5153,3,2,8
5154,3,2,17
5155,3,2,17
5156,2,2,15
5157,4,2,2
5158,2,1,5
5159,4,2,8
5160,2,1,5
5161,3,2,5
5162,3,2,18
5163,5,2,7
5164,4,1,18
5165,4,2,7
5166,6,2,7
5167,2,2,16
5168,4,2,8
5169,6,1,5
5170,2,2,5
5171,7,2,18
5172,4,1,12
5173,1,2,11
5174,5,2,2
5175,4,1,10
5176,1,2,11
5177,5,2,15
5178,6,2,1
5179,3,2,13
5180,4,2,12
5181,3,2,8
5182,4,1,8
5183,2,1,21
5184,2,2,21
5185,4,1,5
5186,4,2,13
5187,2,2,17
5188,4,1,10
5189,5,1,8
5190,4,1,1
5191,3,1,5
5192,3,2,8
5193,4,2,13
5194,3,2,8
5195,4,2,8
5196,7,2,8
5197,7,1,4
5198,2,1,5
5199,3,1,2
5200,4,1,16
5201,6,2,8
5202,2,2,5
5203,5,1,7
5204,6,2,14
5205,3,2,2
5206,4,2,8
5207,3,2,1
5208,3,2,5
5209,6,2,2
5210,4,1,18
5211,3,2,2
5212,2,2,3
5213,2,2,1
5214,4,1,10
5215,7,1,7
5216,2,2,3
5217,3,2,18
5218,2,2,1
5219,2,2,5
5220,3,2,8
5221,7,1,2
5222,3,2,13
5223,7,2,11
5224,4,2,2
5225,2,2,5
5226,4,2,1
5227,2,2,11
5228,1,2,1
5229,3,2,1
5230,3,2,13
5231,4,2,8
5232,3,2,5
5233,3,2,6
5234,3,1,1
5235,3,2,5
5236,3,2,15
5237,3,2,8
5238,6,1,17
5239,4,2,8
5240,3,1,1
5241,3,1,5
5242,3,2,2
5243,1,2,11
5244,2,2,5
5245,5,1,2
5246,2,1,1
5247,1,1,11
5248,5,1,15
5249,5,1,15
5250,6,2,7
5251,3,1,18
5252,3,2,21
5253,7,1,14
5254,2,2,5
5255,1,2,11
5256,3,2,17
5257,3,1,3
5258,4,2,5
5259,3,2,7
5260,4,2,8
5261,4,2,13
5262,3,1,15
5263,4,2,8
5264,2,2,5
5265,5,2,2
5266,4,2,2
5267,4,2,8
5268,3,1,3
5269,2,2,1
5270,3,2,13
5271,3,1,1
5272,3,2,8
5273,7,2,21
5274,3,2,1
5275,3,2,18
5276,3,1,5
5277,3,2,21
5278,3,1,8
5279,3,1,15
5280,2,2,5
5281,3,2,3
5282,2,1,5
5283,2,2,3
5284,3,2,17
5285,2,2,5
5286,5,2,17
5287,3,2,9
5288,7,2,14
5289,5,2,3
5290,2,1,5
5291,5,2,2
5292,3,2,1
5293,3,2,13
5294,3,2,3
5295,4,2,8
5296,1,1,1
5297,3,2,13
5298,4,2,18
5299,3,2,3
5300,3,2,21
5301,3,2,18
5302,1,1,11
5303,7,1,7
5304,4,1,10
5305,2,1,5
5306,3,1,18
5307,3,2,6
5308,7,2,8
5309,3,2,1
5310,7,1,2
5311,6,2,1
5312,3,2,2
5313,7,2,1
5314,3,1,1
5315,3,2,13
5316,2,2,5
5317,3,1,1
5318,2,2,18
5319,2,2,18
5320,2,1,6
5321,3,2,5
5322,4,2,18
5323,3,2,21
5324,3,2,8
5325,6,1,8
5326,3,2,3
5327,3,2,8
5328,3,1,5
5329,3,1,6
5330,3,1,1
5331,4,2,15
5332,2,2,5
5333,3,1,8
5334,7,1,14
5335,3,2,15
5336,7,2,8
5337,4,1,4
5338,3,2,18
5339,2,2,18
5340,6,1,4
5341,3,1,4
5342,4,1,8
5343,3,1,10
5344,6,1,2
5345,3,1,18
5346,3,1,4
5347,3,2,7
5348,2,2,6
5349,6,1,3
5350,2,2,6
5351,5,1,2
5352,4,1,6
5353,3,2,7
5354,5,1,4
5355,7,2,1
5356,5,2,1
5357,2,1,21
5358,4,2,8
5359,2,2,17
5360,2,2,13
5361,6,1,17
5362,4,2,14
5363,7,2,14
5364,3,1,4
5365,2,2,13
5366,2,2,13
5367,2,2,5
5368,3,1,18
5369,3,2,16
5370,3,2,13
5371,3,2,12
5372,3,2,5
5373,2,2,13
5374,4,2,8
5375,3,2,1
5376,3,2,18
5377,2,1,4
5378,4,2,19
5379,3,2,8
5380,2,2,5
5381,3,2,15
5382,2,2,5
5383,4,2,2
5384,3,1,4
5385,3,2,13
5386,3,2,15
5387,3,1,2
5388,2,1,5
5389,5,2,8
5390,1,2,1
5391,3,2,8
5392,6,2,2
5393,4,2,8
5394,2,2,1
5395,6,2,2
5396,3,2,7
5397,2,2,1
5398,7,2,18
5399,3,2,2
5400,2,1,5
5401,2,1,2
5402,3,1,1
5403,1,2,11
5404,3,2,1
5405,6,1,8
5406,4,1,1
5407,4,1,18
5408,3,2,21
5409,5,2,2
5410,5,1,3
5411,1,1,20
5412,3,2,13
5413,4,2,2
5414,1,2,11
5415,3,1,8
5416,3,1,6
5417,2,2,18
5418,3,1,1
5419,2,1,13
5420,1,1,20
5421,4,2,18
5422,6,2,8
5423,6,1,6
5424,4,1,3
5425,2,2,5
5426,3,2,15
5427,4,2,20
5428,3,1,7
5429,3,1,2
5430,5,1,2
5431,7,2,2
5432,7,2,14
5433,4,1,18
5434,3,1,8
5435,5,2,19
5436,2,2,5
5437,3,2,12
5438,3,2,15
5439,7,2,14
5440,5,1,3
5441,6,2,8
5442,3,2,8
5443,3,2,13
5444,2,1,5
5445,3,2,1
5446,6,1,2
5447,5,2,3
5448,5,2,20
5449,2,2,13
5450,2,2,13
5451,3,1,2
5452,4,2,7
5453,2,2,5
5454,4,2,8
5455,2,1,18
5456,4,2,2
5457,2,2,13
5458,2,1,3
5459,1,1,11
5460,2,2,5
5461,6,2,1
5462,3,2,18
5463,4,2,1
5464,4,2,8
5465,3,1,1
5466,3,2,13
5467,4,2,1
5468,3,2,13
5469,4,2,13
5470,7,2,8
5471,2,2,8
5472,4,2,2
5473,3,2,2
5474,3,2,13
5475,3,2,5
5476,4,1,1
5477,4,2,2
5478,4,2,8
5479,4,2,2
5480,3,1,15
5481,5,2,13
5482,2,2,8
5483,3,1,7
5484,5,2,18
5485,3,2,5
5486,3,2,1
5487,3,2,18
5488,3,2,16
5489,2,2,8
5490,5,2,18
5491,2,2,8
5492,2,2,5
5493,4,2,13
5494,4,1,18
5495,2,1,5
5496,3,2,8
5497,3,2,5
5498,6,1,2
5499,3,1,20
5500,4,1,21
5501,3,2,3
5502,3,2,3
5503,3,1,10
5504,5,2,8
5505,3,1,5
5506,2,1,15
5507,5,2,8
5508,3,2,21
5509,3,2,1
5510,2,2,5
5511,5,2,2
5512,3,1,18
5513,4,2,2
5514,1,1,11
5515,2,2,5
5516,6,1,17
5517,7,2,1
5518,6,2,18
5519,4,2,16
5520,5,2,2
5521,3,1,7
5522,3,2,15
5523,4,2,1
5524,1,1,11
5525,1,1,11
5526,4,1,3
5527,3,2,2
5528,6,2,2
5529,2,2,7
5530,2,1,5
5531,6,2,18
5532,3,2,18
5533,6,1,3
5534,5,2,17
5535,3,2,16
5536,3,2,17
5537,7,1,2
5538,5,2,13
5539,3,1,21
5540,4,2,2
5541,7,2,8
5542,5,2,8
5543,3,2,18
5544,3,2,16
5545,4,1,17
5546,2,2,15
5547,2,1,5
5548,2,1,5
5549,6,1,10
5550,4,2,16
5551,4,1,21
5552,6,2,8
5553,4,2,4
5554,3,2,2
5555,1,2,11
5556,5,2,7
5557,4,2,15
5558,1,2,11
5559,6,2,2
5560,4,1,18
5561,3,1,4
5562,4,1,2
5563,3,1,8
5564,5,2,21
5565,2,2,18
5566,4,2,8
5567,6,2,4
5568,2,2,5
5569,2,1,2
5570,3,2,2
5571,3,1,10
5572,3,1,5
5573,4,1,2
5574,3,2,1
5575,4,2,8
5576,3,2,5
5577,6,2,2
5578,2,1,2
5579,4,1,8
5580,5,2,8
5581,3,2,1
5582,5,2,2
5583,7,2,16
5584,6,1,1
5585,3,2,5
5586,4,2,21
5587,3,2,18
5588,3,1,21
5589,3,1,1
5590,5,1,13
5591,2,2,1
5592,3,2,2
5593,6,2,17
5594,5,1,1
5595,3,2,21
5596,4,2,13
5597,2,1,5
5598,2,2,5
5599,4,2,8
5600,5,1,1
5601,4,2,2
5602,4,2,1
5603,6,2,8
5604,4,2,16
5605,2,1,3
5606,3,1,15
5607,2,2,5
5608,2,2,4
5609,6,1,2
5610,3,1,2
5611,4,1,8
5612,3,1,2
5613,4,1,1
5614,3,2,1
5615,4,2,8
5616,5,2,2
5617,3,2,15
5618,2,1,5
5619,2,1,5
5620,4,2,15
5621,3,2,8
5622,4,2,16
5623,3,2,12
5624,3,2,8
5625,3,2,2
5626,7,2,17
5627,3,2,1
5628,2,2,5
5629,3,2,15
5630,4,2,18
5631,4,2,13
5632,2,1,5
5633,6,2,2
5634,3,2,15
5635,4,1,10
5636,3,2,8
5637,1,2,11
5638,2,2,2
5639,2,1,5
5640,4,2,18
5641,3,1,18
5642,1,2,11
5643,4,1,2
5644,2,1,5
5645,3,2,3
5646,2,2,5
5647,2,2,2
5648,3,2,18
5649,2,1,5
5650,4,1,13
5651,3,1,7
5652,2,2,1
5653,6,2,2
5654,3,2,5
5655,3,1,7
5656,3,2,16
5657,6,2,15
5658,7,2,1
5659,3,2,1
5660,3,2,3
5661,3,1,16
5662,1,2,11
5663,4,1,21
5664,2,2,5
5665,2,2,5
5666,2,2,17
5667,4,2,8
5668,3,1,4
5669,7,2,2
5670,2,2,5
5671,3,2,2
5672,3,1,5
5673,4,1,2
5674,4,2,8
5675,4,2,15
5676,3,2,21
5677,3,2,2
5678,4,2,18
5679,4,2,3
5680,6,2,21
5681,3,1,8
5682,2,2,1
5683,2,1,10
5684,2,2,17
5685,3,2,18
5686,7,2,17
5687,1,1,1
5688,2,1,5
5689,3,2,1
5690,2,2,5
5691,4,2,15
5692,3,1,8
5693,3,1,5
5694,3,1,13
5695,4,1,4
5696,3,1,15
5697,3,2,1
5698,4,2,15
5699,4,2,16
5700,2,1,15
5701,3,2,8
5702,2,2,1
5703,7,2,2
5704,2,1,5
5705,2,1,5
5706,2,2,18
5707,3,2,13
5708,4,2,2
5709,2,2,5
5710,3,2,16
5711,3,2,8
5712,4,2,2
5713,6,1,8
5714,4,2,3
5715,2,2,5
5716,1,2,11
5717,3,2,1
5718,4,1,15
5719,7,2,8
5720,3,2,1
5721,5,2,12
5722,3,2,21
5723,2,2,13
5724,3,2,16
5725,2,2,3
5726,3,2,2
5727,3,2,5
5728,4,1,21
5729,2,2,11
5730,2,2,1
5731,3,1,12
5732,3,1,12
5733,3,2,5
5734,3,1,15
5735,3,2,7
5736,3,2,2
5737,5,2,16
5738,3,2,13
5739,3,2,8
5740,3,2,2
5741,6,2,14
5742,3,1,13
5743,4,1,1
5744,3,1,5
5745,2,1,5
5746,2,2,16
5747,3,2,1
5748,3,2,1
5749,3,2,3
5750,2,2,2
5751,1,1,1
5752,7,1,1
5753,2,2,18
5754,2,1,2
5755,4,1,3
5756,1,1,11
5757,1,2,11
5758,6,1,2
5759,3,1,2
5760,2,2,13
5761,3,2,21
5762,4,1,7
5763,3,1,2
5764,6,1,13
5765,3,2,12
5766,7,2,15
5767,3,2,3
5768,1,1,8
5769,5,2,15
5770,3,2,1
5771,3,2,8
5772,4,2,8
5773,3,2,7
5774,2,2,5
5775,3,2,12
5776,2,2,13
5777,1,2,1
5778,4,2,13
5779,3,2,6
5780,2,2,18
5781,3,2,3
5782,4,1,1
5783,5,1,2
5784,2,2,11
5785,3,1,8
5786,3,2,7
5787,3,2,21
5788,3,2,1
5789,3,2,18
5790,4,1,1
5791,2,2,5
5792,3,2,18
5793,3,2,3
5794,4,2,18
5795,3,2,2
5796,3,1,8
5797,3,2,8
5798,4,2,1
5799,3,2,6
5800,4,2,19
5801,3,2,17
5802,3,1,1
5803,1,2,11
5804,4,1,8
5805,3,1,1
5806,6,1,2
5807,4,2,8
5808,3,1,8
5809,3,2,8
5810,6,2,17
5811,2,2,5
5812,3,1,8
5813,3,2,8
5814,3,2,1
5815,3,2,21
5816,3,2,1
5817,3,2,18
5818,3,2,5
5819,6,2,7
5820,5,2,1
5821,3,2,16
5822,4,1,5
5823,3,2,13
5824,2,2,13
5825,3,1,5
5826,2,2,5
5827,3,2,3
5828,3,2,18
5829,3,1,5
5830,2,1,5
5831,3,2,2
5832,3,1,1
5833,4,1,1
5834,7,2,17
5835,4,1,1
5836,3,2,1
5837,3,2,8
5838,5,1,8
5839,3,2,2
5840,1,1,1
5841,4,1,8
5842,3,2,5
5843,4,2,2
5844,1,1,11
5845,3,1,4
5846,5,2,17
5847,2,1,5
5848,6,2,21
5849,4,2,18
5850,3,1,8
5851,2,1,21
5852,3,1,2
5853,6,2,20
5854,5,2,8
5855,6,2,8
5856,3,1,8
5857,5,1,3
5858,3,2,5
5859,3,2,8
5860,3,1,5
5861,6,1,2
5862,3,1,10
5863,3,1,15
5864,6,1,2
5865,3,2,18
5866,3,1,7
5867,5,1,4
5868,4,2,15
5869,3,1,8
5870,3,2,15
5871,3,1,5
5872,3,2,18
5873,2,2,13
5874,3,2,5
5875,3,2,5
5876,6,2,8
5877,2,2,13
5878,3,1,1
5879,4,2,8
5880,3,2,2
5881,4,2,18
5882,4,2,8
5883,2,1,1
5884,2,2,5
5885,3,2,2
5886,3,2,21
5887,4,1,21
5888,3,2,21
5889,6,2,21
5890,4,2,21
5891,2,2,5
5892,5,2,3
5893,3,2,8
5894,4,2,1
5895,3,2,2
5896,3,2,1
5897,3,2,21
5898,2,1,1
5899,4,2,18
5900,3,2,8
5901,4,1,8
5902,6,2,17
5903,3,2,12
5904,5,1,13
5905,4,1,21
5906,2,1,5
5907,3,2,3
5908,3,2,5
5909,2,2,21
5910,5,1,21
5911,3,1,18
5912,3,2,2
5913,2,1,1
5914,4,2,3
5915,2,2,5
5916,6,2,21
5917,6,1,2
5918,3,2,13
5919,2,2,1
5920,3,1,2
5921,3,2,7
5922,7,2,4
5923,3,2,8
5924,4,2,1
5925,3,1,1
5926,6,1,8
5927,4,2,15
5928,5,2,2
5929,4,1,1
5930,4,1,18
5931,2,1,8
5932,2,2,15
5933,3,2,3
5934,3,2,15
5935,2,2,1
5936,2,2,5
5937,3,2,13
5938,3,2,2
5939,5,1,16
5940,6,2,13
5941,3,1,1
5942,5,2,2
5943,5,1,2
5944,2,1,11
5945,4,1,3
5946,7,1,2
5947,5,1,17
5948,7,2,14
5949,2,2,18
5950,3,2,5
5951,2,2,5
5952,5,1,2
5953,1,2,11
5954,5,2,12
5955,3,1,8
5956,2,1,5
5957,2,2,21
5958,5,2,15
5959,2,1,5
5960,5,1,1
5961,5,1,1
5962,4,2,8
5963,3,2,16
5964,2,2,6
5965,3,2,18
5966,4,1,10
5967,6,2,17
5968,7,2,8
5969,5,2,14
5970,4,2,12
5971,4,2,8
5972,3,1,21
5973,1,2,11
5974,3,1,2
5975,3,2,15
5976,3,1,2
5977,4,2,2
5978,4,2,2
5979,3,2,2
5980,7,2,2
5981,4,2,8
5982,4,2,2
5983,3,2,4
5984,3,2,2
5985,2,1,5
5986,7,1,2
5987,3,2,17
5988,3,2,16
5989,1,1,11
5990,3,1,21
5991,4,1,21
5992,2,1,5
5993,6,1,21
5994,4,2,2
5995,4,1,2
5996,3,1,1
5997,3,1,8
5998,2,2,5
5999,3,1,2
6000,5,2,18
6001,3,1,8
6002,6,2,1
6003,5,1,18
6004,3,1,16
6005,3,1,6
6006,1,1,1
6007,4,2,18
6008,2,2,5
6009,3,1,13
6010,4,2,1
6011,4,2,16
6012,4,2,16
6013,3,1,21
6014,5,2,2
6015,3,1,10
6016,5,2,2
6017,4,1,8
6018,4,2,2
6019,3,2,1
6020,6,2,17
6021,3,2,13
6022,3,2,18
6023,3,2,1
6024,3,2,13
6025,3,1,2
6026,4,2,7
6027,2,2,5
6028,2,2,5
6029,3,1,2
6030,3,2,18
6031,2,1,1
6032,5,2,8
6033,6,2,14
6034,3,2,15
6035,3,1,2
6036,3,1,16
6037,5,1,2
6038,7,1,2
6039,5,1,1
6040,3,2,7
